0.002733,0.002733,-0.002681,0.000052
0.005466,0.005466,-0.005611,-0.000145
0.008199,0.008199,-0.008105,0.000094
0.010932,0.010932,-0.010972,-0.000041
0.013665,0.013665,-0.013715,-0.000051
0.016398,0.016397,-0.016209,0.000188
0.019131,0.019130,-0.019202,-0.000072
0.021864,0.021862,-0.022194,-0.000332
0.024597,0.024595,-0.024189,0.000405
0.027330,0.027327,-0.027182,0.000145
0.030063,0.030059,-0.030423,-0.000365
0.032796,0.032790,-0.032418,0.000372
0.035529,0.035522,-0.035411,0.000111
0.038262,0.038253,-0.038403,-0.000151
0.040995,0.040984,-0.041396,-0.000412
0.043728,0.043714,-0.042892,0.000822
0.046461,0.046444,-0.047381,-0.000936
0.049194,0.049174,-0.047879,0.001295
0.051927,0.051904,-0.052867,-0.000963
0.054660,0.054633,-0.054363,0.000270
0.057393,0.057362,-0.057356,0.000006
0.060126,0.060090,-0.059849,0.000241
0.062859,0.062818,-0.061844,0.000973
0.065592,0.065545,-0.065834,-0.000289
0.068325,0.068272,-0.068827,-0.000555
0.071058,0.070998,-0.069824,0.001174
0.073791,0.073724,-0.073814,-0.000090
0.076524,0.076450,-0.078802,-0.002352
0.079257,0.079174,-0.075809,0.003365
0.081990,0.081898,-0.083789,-0.001891
0.084723,0.084622,-0.084787,-0.000165
0.087456,0.087345,-0.086782,0.000563
0.090189,0.090067,-0.088777,0.001290
0.092922,0.092789,-0.094761,-0.001973
0.095655,0.095509,-0.095759,-0.000250
0.098388,0.098230,-0.096756,0.001473
0.101121,0.100949,-0.101744,-0.000795
0.103854,0.103668,-0.103739,-0.000071
0.106587,0.106386,-0.105734,0.000652
0.109320,0.109103,-0.109724,-0.000621
0.112053,0.111819,-0.110721,0.001098
0.114786,0.114534,-0.116706,-0.002172
0.117519,0.117249,-0.114711,0.002538
0.120252,0.119963,-0.121694,-0.001731
0.122985,0.122676,-0.123689,-0.001013
0.125718,0.125387,-0.123689,0.001699
0.128451,0.128098,-0.127679,0.000420
0.131184,0.130808,-0.131669,-0.000860
0.133917,0.133517,-0.133664,-0.000146
0.136650,0.136226,-0.133664,0.002562
0.139383,0.138933,-0.143638,-0.004706
0.142116,0.141639,-0.139649,0.001990
0.144849,0.144343,-0.141644,0.002700
0.147582,0.147047,-0.149623,-0.002576
0.150315,0.149750,-0.147628,0.002122
0.153048,0.152452,-0.155608,-0.003157
0.155781,0.155152,-0.155608,-0.000456
0.158514,0.157851,-0.153613,0.004238
0.161247,0.160550,-0.163588,-0.003039
0.163980,0.163247,-0.161593,0.001653
0.166713,0.165942,-0.167578,-0.001636
0.169446,0.168637,-0.167578,0.001059
0.172180,0.171330,-0.171568,-0.000238
0.174913,0.174022,-0.175558,-0.001536
0.177646,0.176713,-0.173563,0.003149
0.180379,0.179402,-0.181543,-0.002141
0.183112,0.182090,-0.179548,0.002542
0.185845,0.184777,-0.189523,-0.004746
0.188578,0.187462,-0.183538,0.003924
0.191311,0.190146,-0.191518,-0.001372
0.194044,0.192828,-0.195508,-0.002680
0.196777,0.195509,-0.189523,0.005986
0.199510,0.198189,-0.201493,-0.003304
0.202243,0.200867,-0.201493,-0.000626
0.204976,0.203543,-0.203488,0.000055
0.207709,0.206218,-0.205483,0.000735
0.210442,0.208892,-0.209473,-0.000581
0.213175,0.211564,-0.209473,0.002091
0.215908,0.214234,-0.217453,-0.003219
0.218641,0.216903,-0.215458,0.001445
0.221374,0.219570,-0.219448,0.000122
0.224107,0.222235,-0.221443,0.000793
0.226840,0.224899,-0.223438,0.001462
0.229573,0.227561,-0.233413,-0.005851
0.232306,0.230222,-0.225433,0.004789
0.235039,0.232881,-0.233413,-0.000532
0.237772,0.235538,-0.235408,0.000130
0.240505,0.238193,-0.241392,-0.003200
0.243238,0.240846,-0.235408,0.005439
0.245971,0.243498,-0.247377,-0.003879
0.248704,0.246148,-0.245382,0.000765
0.251437,0.248796,-0.251367,-0.002572
0.254170,0.251442,-0.247377,0.004065
0.256903,0.254086,-0.251367,0.002719
0.259636,0.256729,-0.263337,-0.006609
0.262369,0.259369,-0.255357,0.004012
0.265102,0.262008,-0.267327,-0.005320
0.267835,0.264644,-0.259347,0.005297
0.270568,0.267279,-0.267327,-0.000049
0.273301,0.269911,-0.271317,-0.001406
0.276034,0.272542,-0.271317,0.001225
0.278767,0.275170,-0.279297,-0.004127
0.281500,0.277797,-0.275307,0.002490
0.284233,0.280421,-0.279297,0.001124
0.286966,0.283043,-0.283287,-0.000244
0.289699,0.285664,-0.287277,-0.001613
0.292432,0.288282,-0.283287,0.004995
0.295165,0.290898,-0.295257,-0.004359
0.297898,0.293511,-0.295257,-0.001746
0.300631,0.296123,-0.295257,0.000866
0.303364,0.298732,-0.295257,0.003475
0.306097,0.301339,-0.303237,-0.001898
0.308830,0.303944,-0.303237,0.000707
0.311563,0.306547,-0.307227,-0.000680
0.314296,0.309147,-0.315207,-0.006060
0.317029,0.311745,-0.303237,0.008508
0.319762,0.314341,-0.315207,-0.000866
0.322495,0.316934,-0.315207,0.001727
0.325228,0.319525,-0.327177,-0.007652
0.327961,0.322113,-0.319197,0.002917
0.330694,0.324699,-0.319197,0.005503
0.333427,0.327283,-0.335156,-0.007873
0.336160,0.329864,-0.323187,0.006678
0.338893,0.332443,-0.335156,-0.002713
0.341626,0.335020,-0.339146,-0.004127
0.344359,0.337593,-0.335156,0.002437
0.347092,0.340165,-0.335156,0.005008
0.349825,0.342733,-0.347126,-0.004393
0.352558,0.345300,-0.347126,-0.001827
0.355291,0.347863,-0.343136,0.004727
0.358024,0.350424,-0.351116,-0.000692
0.360757,0.352983,-0.355106,-0.002124
0.363490,0.355538,-0.355106,0.000432
0.366223,0.358092,-0.359096,-0.001005
0.368956,0.360642,-0.355106,0.005536
0.371689,0.363190,-0.371066,-0.007876
0.374422,0.365735,-0.363086,0.002649
0.377155,0.368277,-0.367076,0.001201
0.379888,0.370817,-0.367076,0.003740
0.382621,0.373353,-0.379046,-0.005693
0.385354,0.375887,-0.375056,0.000831
0.388087,0.378419,-0.379046,-0.000627
0.390820,0.380947,-0.383036,-0.002089
0.393553,0.383472,-0.375056,0.008416
0.396286,0.385995,-0.391016,-0.005021
0.399019,0.388515,-0.387026,0.001489
0.401752,0.391032,-0.395006,-0.003974
0.404485,0.393546,-0.391016,0.002530
0.407218,0.396057,-0.395006,0.001051
0.409951,0.398565,-0.398996,-0.000431
0.412684,0.401070,-0.402986,-0.001916
0.415417,0.403572,-0.398996,0.004576
0.418150,0.406071,-0.410966,-0.004895
0.420883,0.408567,-0.410966,-0.002399
0.423616,0.411060,-0.402986,0.008074
0.426349,0.413550,-0.414956,-0.001406
0.429082,0.416036,-0.422936,-0.006899
0.431815,0.418520,-0.410966,0.007554
0.434548,0.421001,-0.426925,-0.005925
0.437281,0.423478,-0.422936,0.000543
0.440014,0.425952,-0.422936,0.003017
0.442747,0.428423,-0.430915,-0.002492
0.445480,0.430891,-0.426925,0.003966
0.448213,0.433356,-0.434905,-0.001549
0.450946,0.435817,-0.438895,-0.003078
0.453679,0.438276,-0.430915,0.007360
0.456412,0.440731,-0.446875,-0.006145
0.459145,0.443182,-0.438895,0.004287
0.461878,0.445630,-0.454855,-0.009225
0.464611,0.448075,-0.438895,0.009180
0.467344,0.450517,-0.458845,-0.008328
0.470077,0.452955,-0.442885,0.010070
0.472810,0.455390,-0.458845,-0.003455
0.475543,0.457822,-0.458845,-0.001024
0.478276,0.460250,-0.462835,-0.002585
0.481009,0.462674,-0.466825,-0.004151
0.483742,0.465095,-0.454855,0.010240
0.486475,0.467513,-0.470815,-0.003302
0.489208,0.469927,-0.466825,0.003102
0.491941,0.472338,-0.474805,-0.002467
0.494674,0.474745,-0.478795,-0.004050
0.497407,0.477149,-0.474805,0.002344
0.500140,0.479549,-0.478795,0.000754
0.502873,0.481945,-0.482785,-0.000840
0.505606,0.484338,-0.486775,-0.002437
0.508339,0.486727,-0.478795,0.007932
0.511073,0.489113,-0.494755,-0.005642
0.513806,0.491495,-0.486775,0.004720
0.516539,0.493873,-0.498745,-0.004871
0.519272,0.496248,-0.506725,-0.010477
0.522004,0.498619,-0.478795,0.019824
0.524738,0.500986,-0.502735,-0.001749
0.527471,0.503349,-0.502735,0.000615
0.530204,0.505709,-0.510715,-0.005006
0.532937,0.508065,-0.510715,-0.002650
0.535670,0.510417,-0.502735,0.007682
0.538403,0.512765,-0.518695,-0.005929
0.541136,0.515110,-0.510715,0.004395
0.543869,0.517450,-0.518695,-0.001244
0.546602,0.519787,-0.518695,0.001092
0.549335,0.522120,-0.526674,-0.004555
0.552068,0.524449,-0.518695,0.005754
0.554801,0.526774,-0.526674,0.000099
0.557534,0.529095,-0.542634,-0.013539
0.560267,0.531412,-0.518695,0.012718
0.563000,0.533725,-0.534654,-0.000929
0.565733,0.536034,-0.542634,-0.006600
0.568466,0.538340,-0.526674,0.011665
0.571199,0.540641,-0.542634,-0.001993
0.573932,0.542938,-0.542634,0.000304
0.576665,0.545231,-0.558594,-0.013363
0.579398,0.547520,-0.534654,0.012866
0.582131,0.549805,-0.558594,-0.008789
0.584864,0.552086,-0.550614,0.001472
0.587597,0.554362,-0.542634,0.011728
0.590330,0.556635,-0.566574,-0.009939
0.593063,0.558903,-0.558594,0.000309
0.595796,0.561168,-0.566574,-0.005406
0.598529,0.563428,-0.558594,0.004833
0.601262,0.565683,-0.558594,0.007089
0.603995,0.567935,-0.574554,-0.006619
0.606728,0.570182,-0.566574,0.003608
0.609461,0.572425,-0.574554,-0.002128
0.612194,0.574664,-0.582534,-0.007870
0.614927,0.576899,-0.566574,0.010325
0.617660,0.579129,-0.582534,-0.003405
0.620393,0.581355,-0.574554,0.006801
0.623126,0.583576,-0.590514,-0.006937
0.625859,0.585794,-0.590514,-0.004720
0.628592,0.588006,-0.574554,0.013452
0.631325,0.590215,-0.606474,-0.016259
0.634058,0.592419,-0.582534,0.009885
0.636791,0.594618,-0.598494,-0.003875
0.639524,0.596813,-0.582534,0.014280
0.642257,0.599004,-0.614453,-0.015449
0.644990,0.601190,-0.598494,0.002697
0.647723,0.603372,-0.598494,0.004878
0.650456,0.605549,-0.622433,-0.016884
0.653189,0.607722,-0.590514,0.017208
0.655922,0.609890,-0.614453,-0.004563
0.658655,0.612054,-0.614453,-0.002400
0.661388,0.614213,-0.606474,0.007739
0.664121,0.616367,-0.622433,-0.006066
0.666854,0.618517,-0.614453,0.004063
0.669587,0.620662,-0.630413,-0.009751
0.672320,0.622803,-0.614453,0.008349
0.675053,0.624939,-0.622433,0.002505
0.677786,0.627070,-0.638393,-0.011323
0.680519,0.629196,-0.614453,0.014743
0.683252,0.631318,-0.638393,-0.007075
0.685985,0.633436,-0.638393,-0.004958
0.688718,0.635548,-0.630413,0.005135
0.691451,0.637656,-0.638393,-0.000738
0.694184,0.639759,-0.638393,0.001365
0.696917,0.641857,-0.646373,-0.004516
0.699650,0.643950,-0.638393,0.005557
0.702383,0.646039,-0.646373,-0.000335
0.705116,0.648122,-0.654353,-0.006231
0.707849,0.650201,-0.646373,0.003828
0.710582,0.652275,-0.654353,-0.002078
0.713315,0.654344,-0.646373,0.007971
0.716048,0.656408,-0.662333,-0.005925
0.718781,0.658468,-0.662333,-0.003865
0.721514,0.660522,-0.654353,0.006169
0.724247,0.662572,-0.662333,0.000239
0.726980,0.664616,-0.670313,-0.005697
0.729713,0.666656,-0.662333,0.004323
0.732446,0.668690,-0.670313,-0.001622
0.735179,0.670720,-0.670313,0.000407
0.737912,0.672745,-0.670313,0.002432
0.740645,0.674764,-0.670313,0.004451
0.743378,0.676779,-0.686273,-0.009494
0.746111,0.678788,-0.678293,0.000495
0.748844,0.680793,-0.678293,0.002500
0.751577,0.682792,-0.686273,-0.003481
0.754310,0.684786,-0.678293,0.006493
0.757043,0.686775,-0.694253,-0.007477
0.759776,0.688759,-0.678293,0.010466
0.762509,0.690738,-0.694253,-0.003515
0.765242,0.692712,-0.702233,-0.009521
0.767975,0.694680,-0.686273,0.008407
0.770708,0.696644,-0.702233,-0.005589
0.773441,0.698602,-0.686273,0.012329
0.776174,0.700555,-0.710213,-0.009658
0.778907,0.702502,-0.702233,0.000270
0.781640,0.704445,-0.702233,0.002212
0.784373,0.706382,-0.710213,-0.003831
0.787106,0.708314,-0.702233,0.006081
0.789839,0.710240,-0.718192,-0.007952
0.792572,0.712161,-0.702233,0.009929
0.795305,0.714077,-0.718192,-0.004115
0.798038,0.715988,-0.718192,-0.002204
0.800771,0.717893,-0.718192,-0.000299
0.803504,0.719793,-0.718192,0.001601
0.806237,0.721688,-0.718192,0.003495
0.808970,0.723577,-0.734152,-0.010575
0.811703,0.725461,-0.718192,0.007268
0.814436,0.727339,-0.726172,0.001167
0.817169,0.729212,-0.726172,0.003039
0.819902,0.731079,-0.742132,-0.011053
0.822635,0.732941,-0.726172,0.006769
0.825368,0.734798,-0.734152,0.000645
0.828101,0.736649,-0.734152,0.002496
0.830834,0.738494,-0.742132,-0.003638
0.833567,0.740334,-0.742132,-0.001798
0.836300,0.742169,-0.742132,0.000037
0.839033,0.743998,-0.742132,0.001865
0.841766,0.745821,-0.742132,0.003689
0.844499,0.747639,-0.758092,-0.010453
0.847232,0.749451,-0.734152,0.015299
0.849966,0.751258,-0.766072,-0.014814
0.852699,0.753059,-0.742132,0.010926
0.855432,0.754854,-0.758092,-0.003238
0.858165,0.756644,-0.766072,-0.009428
0.860897,0.758428,-0.742132,0.016296
0.863631,0.760206,-0.774052,-0.013846
0.866364,0.761979,-0.750112,0.011867
0.869097,0.763746,-0.774052,-0.010306
0.871830,0.765507,-0.758092,0.007415
0.874563,0.767263,-0.766072,0.001191
0.877296,0.769013,-0.782032,-0.013019
0.880029,0.770757,-0.758092,0.012665
0.882762,0.772496,-0.782032,-0.009536
0.885495,0.774228,-0.766072,0.008156
0.888228,0.775955,-0.782032,-0.006077
0.890961,0.777676,-0.774052,0.003624
0.893694,0.779391,-0.774052,0.005339
0.896427,0.781101,-0.790012,-0.008911
0.899160,0.782804,-0.774052,0.008752
0.901893,0.784502,-0.797992,-0.013490
0.904626,0.786194,-0.774052,0.012142
0.907359,0.787880,-0.790012,-0.002132
0.910092,0.789560,-0.790012,-0.000452
0.912825,0.791234,-0.790012,0.001223
0.915558,0.792903,-0.797992,-0.005089
0.918291,0.794565,-0.797992,-0.003427
0.921024,0.796221,-0.782032,0.014190
0.923757,0.797872,-0.805972,-0.008100
0.926490,0.799516,-0.805972,-0.006455
0.929223,0.801155,-0.797992,0.003163
0.931956,0.802788,-0.797992,0.004796
0.934689,0.804414,-0.805972,-0.001557
0.937422,0.806035,-0.805972,0.000063
0.940155,0.807649,-0.805972,0.001678
0.942888,0.809258,-0.813951,-0.004694
0.945621,0.810860,-0.805972,0.004889
0.948354,0.812457,-0.813951,-0.001495
0.951087,0.814047,-0.813951,0.000096
0.953820,0.815632,-0.813951,0.001680
0.956553,0.817210,-0.821931,-0.004722
0.959286,0.818782,-0.821931,-0.003150
0.962019,0.820348,-0.813951,0.006396
0.964752,0.821908,-0.829911,-0.008004
0.967485,0.823461,-0.813951,0.009510
0.970218,0.825009,-0.829911,-0.004902
0.972951,0.826550,-0.813951,0.012599
0.975684,0.828085,-0.845871,-0.017786
0.978417,0.829614,-0.821931,0.007683
0.981150,0.831137,-0.829911,0.001226
0.983883,0.832654,-0.829911,0.002743
0.986616,0.834164,-0.837891,-0.003727
0.989349,0.835669,-0.837891,-0.002223
0.992082,0.837166,-0.837891,-0.000725
0.994815,0.838658,-0.829911,0.008747
0.997548,0.840144,-0.845871,-0.005727
1.000281,0.841623,-0.853851,-0.012228
1.003014,0.843096,-0.821931,0.021164
1.005747,0.844562,-0.853851,-0.009289
1.008480,0.846022,-0.845871,0.000151
1.011213,0.847476,-0.853851,-0.006375
1.013946,0.848924,-0.845871,0.003053
1.016679,0.850365,-0.837891,0.012474
1.019412,0.851800,-0.861831,-0.010031
1.022145,0.853229,-0.853851,-0.000622
1.024878,0.854651,-0.853851,0.000800
1.027611,0.856067,-0.853851,0.002216
1.030344,0.857476,-0.853851,0.003625
1.033077,0.858879,-0.861831,-0.002952
1.035810,0.860276,-0.869811,-0.009535
1.038543,0.861666,-0.861831,-0.000165
1.041276,0.863049,-0.853851,0.009198
1.044009,0.864427,-0.861831,0.002596
1.046742,0.865798,-0.869811,-0.004013
1.049475,0.867162,-0.869811,-0.002649
1.052208,0.868520,-0.869811,-0.001291
1.054941,0.869871,-0.861831,0.008040
1.057674,0.871216,-0.869811,0.001405
1.060407,0.872554,-0.885771,-0.013216
1.063140,0.873886,-0.861831,0.012055
1.065873,0.875212,-0.885771,-0.010559
1.068606,0.876530,-0.869811,0.006720
1.071339,0.877843,-0.869811,0.008032
1.074072,0.879148,-0.893751,-0.014602
1.076805,0.880448,-0.877791,0.002657
1.079538,0.881740,-0.885771,-0.004031
1.082271,0.883026,-0.869811,0.013215
1.085004,0.884305,-0.885771,-0.001465
1.087737,0.885578,-0.893751,-0.008172
1.090470,0.886844,-0.885771,0.001074
1.093203,0.888104,-0.885771,0.002333
1.095936,0.889357,-0.885771,0.003586
1.098669,0.890603,-0.893751,-0.003148
1.101402,0.891843,-0.893751,-0.001908
1.104135,0.893075,-0.893751,-0.000675
1.106868,0.894302,-0.893751,0.000551
1.109601,0.895521,-0.885771,0.009751
1.112334,0.896734,-0.901730,-0.004996
1.115067,0.897940,-0.909710,-0.011770
1.117800,0.899140,-0.893751,0.005389
1.120533,0.900333,-0.893751,0.006582
1.123266,0.901519,-0.901730,-0.000212
1.125999,0.902698,-0.909710,-0.007012
1.128732,0.903871,-0.901730,0.002140
1.131465,0.905036,-0.901730,0.003306
1.134198,0.906195,-0.909710,-0.003515
1.136931,0.907348,-0.901730,0.005617
1.139664,0.908493,-0.909710,-0.001217
1.142397,0.909632,-0.909710,-0.000078
1.145130,0.910764,-0.917690,-0.006926
1.147863,0.911889,-0.909710,0.002179
1.150596,0.913007,-0.901730,0.011277
1.153329,0.914119,-0.933650,-0.019531
1.156062,0.915224,-0.901730,0.013493
1.158795,0.916321,-0.925670,-0.009349
1.161528,0.917412,-0.901730,0.015682
1.164261,0.918497,-0.925670,-0.007174
1.166994,0.919574,-0.925670,-0.006096
1.169727,0.920644,-0.917690,0.002954
1.172460,0.921708,-0.917690,0.004017
1.175193,0.922764,-0.933650,-0.010886
1.177926,0.923814,-0.909710,0.014104
1.180660,0.924857,-0.925670,-0.000813
1.183393,0.925893,-0.933650,-0.007757
1.186126,0.926922,-0.925670,0.001252
1.188859,0.927944,-0.925670,0.002274
1.191592,0.928959,-0.933650,-0.004691
1.194324,0.929968,-0.925670,0.004297
1.197057,0.930969,-0.933650,-0.002681
1.199790,0.931963,-0.933650,-0.001687
1.202523,0.932950,-0.917690,0.015260
1.205257,0.933931,-0.949610,-0.015679
1.207990,0.934904,-0.933650,0.001254
1.210723,0.935871,-0.933650,0.002221
1.213456,0.936830,-0.933650,0.003180
1.216189,0.937783,-0.933650,0.004133
1.218922,0.938728,-0.949610,-0.010882
1.221655,0.939667,-0.933650,0.006017
1.224388,0.940598,-0.949610,-0.009012
1.227121,0.941522,-0.933650,0.007872
1.229854,0.942440,-0.941630,0.000810
1.232587,0.943350,-0.949610,-0.006260
1.235320,0.944253,-0.933650,0.010603
1.238053,0.945150,-0.957590,-0.012440
1.240786,0.946039,-0.933650,0.012389
1.243519,0.946921,-0.949610,-0.002689
1.246252,0.947796,-0.949610,-0.001814
1.248985,0.948664,-0.957590,-0.008926
1.251718,0.949525,-0.941630,0.007895
1.254451,0.950379,-0.949610,0.000769
1.257184,0.951225,-0.949610,0.001615
1.259917,0.952065,-0.949610,0.002455
1.262650,0.952897,-0.965570,-0.012672
1.265383,0.953723,-0.949610,0.004113
1.268116,0.954541,-0.941630,0.012911
1.270849,0.955352,-0.965570,-0.010218
1.273582,0.956156,-0.957590,-0.001434
1.276315,0.956953,-0.957590,-0.000637
1.279048,0.957742,-0.957590,0.000153
1.281781,0.958525,-0.949610,0.008915
1.284514,0.959300,-0.965570,-0.006270
1.287247,0.960068,-0.957590,0.002479
1.289980,0.960829,-0.965570,-0.004740
1.292713,0.961583,-0.957590,0.003993
1.295446,0.962330,-0.965570,-0.003240
1.298179,0.963069,-0.957590,0.005480
1.300912,0.963802,-0.973550,-0.009748
1.303645,0.964527,-0.957590,0.006937
1.306378,0.965245,-0.973550,-0.008305
1.309111,0.965955,-0.949610,0.016345
1.311844,0.966659,-0.981530,-0.014871
1.314577,0.967355,-0.957590,0.009765
1.317310,0.968044,-0.973550,-0.005506
1.320043,0.968726,-0.965570,0.003156
1.322776,0.969400,-0.973550,-0.004149
1.325509,0.970068,-0.965570,0.004498
1.328242,0.970728,-0.973550,-0.002822
1.330975,0.971380,-0.973550,-0.002169
1.333708,0.972026,-0.965570,0.006456
1.336441,0.972664,-0.973550,-0.000885
1.339174,0.973295,-0.973550,-0.000254
1.341907,0.973919,-0.981530,-0.007611
1.344640,0.974535,-0.973550,0.000986
1.347373,0.975145,-0.973550,0.001595
1.350106,0.975747,-0.965570,0.010177
1.352839,0.976341,-0.981530,-0.005188
1.355572,0.976929,-0.981530,-0.004601
1.358305,0.977509,-0.973550,0.003959
1.361038,0.978081,-0.981530,-0.003448
1.363771,0.978647,-0.973550,0.005097
1.366504,0.979205,-0.989510,-0.010305
1.369237,0.979756,-0.965570,0.014186
1.371970,0.980299,-0.989510,-0.009210
1.374703,0.980835,-0.981530,-0.000694
1.377436,0.981364,-0.973550,0.007814
1.380169,0.981886,-0.989510,-0.007624
1.382902,0.982400,-0.981530,0.000870
1.385635,0.982907,-0.981530,0.001377
1.388368,0.983406,-0.981530,0.001876
1.391101,0.983898,-0.989510,-0.005611
1.393834,0.984383,-0.981530,0.002853
1.396567,0.984860,-0.981530,0.003331
1.399300,0.985331,-0.989510,-0.004179
1.402033,0.985793,-0.981530,0.004264
1.404766,0.986249,-0.989510,-0.003261
1.407499,0.986697,-0.981530,0.005167
1.410232,0.987137,-0.989510,-0.002372
1.412965,0.987571,-0.989510,-0.001939
1.415698,0.987996,-0.989510,-0.001513
1.418431,0.988415,-0.989510,-0.001095
1.421164,0.988826,-0.989510,-0.000684
1.423897,0.989230,-0.981530,0.007700
1.426630,0.989626,-0.997489,-0.007863
1.429363,0.990015,-0.981530,0.008485
1.432096,0.990397,-0.997489,-0.007093
1.434829,0.990771,-0.989510,0.001261
1.437562,0.991137,-0.989510,0.001628
1.440295,0.991497,-0.989510,0.001987
1.443028,0.991849,-0.997489,-0.005641
1.445761,0.992193,-0.989510,0.002684
1.448494,0.992530,-0.989510,0.003021
1.451227,0.992860,-0.997489,-0.004629
1.453960,0.993182,-0.989510,0.003673
1.456693,0.993497,-0.997489,-0.003992
1.459426,0.993805,-0.989510,0.004295
1.462159,0.994105,-0.997489,-0.003385
1.464892,0.994397,-0.989510,0.004888
1.467625,0.994683,-0.997489,-0.002807
1.470358,0.994960,-0.997489,-0.002529
1.473091,0.995231,-0.997489,-0.002259
1.475824,0.995494,-0.989510,0.005984
1.478557,0.995749,-0.997489,-0.001740
1.481290,0.995997,-0.997489,-0.001492
1.484023,0.996238,-0.989510,0.006728
1.486756,0.996471,-1.005469,-0.008999
1.489489,0.996696,-0.989510,0.007187
1.492222,0.996915,-1.005469,-0.008555
1.494955,0.997125,-0.989510,0.007616
1.497688,0.997329,-1.005469,-0.008141
1.500421,0.997525,-0.989510,0.008015
1.503154,0.997713,-0.997489,0.000224
1.505887,0.997894,-1.005469,-0.007575
1.508620,0.998068,-0.989510,0.008558
1.511353,0.998234,-1.005469,-0.007236
1.514086,0.998392,-0.989510,0.008883
1.516819,0.998544,-1.005469,-0.006926
1.519552,0.998687,-0.997489,0.001198
1.522285,0.998824,-0.997489,0.001334
1.525019,0.998952,-0.997489,0.001463
1.527752,0.999074,-1.005469,-0.006396
1.530485,0.999188,-0.997489,0.001698
1.533217,0.999294,-0.997489,0.001805
1.535950,0.999393,-0.997489,0.001903
1.538684,0.999484,-0.997489,0.001995
1.541417,0.999568,-1.005469,-0.005901
1.544150,0.999645,-0.997489,0.002156
1.546883,0.999714,-0.997489,0.002225
1.549616,0.999776,-1.005469,-0.005694
1.552349,0.999830,-0.997489,0.002340
1.555082,0.999876,-0.997489,0.002387
1.557815,0.999916,-0.997489,0.002426
1.560548,0.999947,-1.005469,-0.005522
1.563281,0.999972,-0.997489,0.002482
1.566014,0.999989,-0.997489,0.002499
1.568747,0.999998,-1.005469,-0.005472
1.571480,1.000000,-1.005469,-0.005470
1.574213,0.999994,-0.997489,0.002505
1.576946,0.999981,-1.005469,-0.005488
1.579679,0.999961,-0.997489,0.002471
1.582412,0.999933,-0.997489,0.002443
1.585145,0.999897,-0.997489,0.002408
1.587878,0.999854,-1.005469,-0.005615
1.590611,0.999804,-0.997489,0.002314
1.593344,0.999746,-1.005469,-0.005724
1.596077,0.999680,-0.997489,0.002191
1.598810,0.999608,-0.989510,0.010098
1.601543,0.999527,-1.013449,-0.013922
1.604276,0.999440,-0.989510,0.009930
1.607009,0.999344,-1.005469,-0.006125
1.609742,0.999242,-0.997489,0.001752
1.612475,0.999132,-0.997489,0.001642
1.615208,0.999014,-0.997489,0.001525
1.617941,0.998889,-1.005469,-0.006581
1.620674,0.998756,-0.989510,0.009247
1.623407,0.998616,-1.005469,-0.006853
1.626140,0.998469,-0.997489,0.000979
1.628873,0.998314,-0.997489,0.000825
1.631606,0.998152,-0.997489,0.000662
1.634339,0.997982,-0.997489,0.000492
1.637072,0.997805,-0.997489,0.000315
1.639805,0.997620,-0.997489,0.000130
1.642538,0.997428,-1.005469,-0.008042
1.645271,0.997228,-0.989510,0.007718
1.648004,0.997021,-0.997489,-0.000468
1.650737,0.996806,-0.997489,-0.000683
1.653470,0.996584,-0.997489,-0.000905
1.656203,0.996355,-0.989510,0.006845
1.658936,0.996118,-1.005469,-0.009351
1.661669,0.995874,-0.989510,0.006364
1.664402,0.995622,-0.997489,-0.001867
1.667135,0.995363,-0.997489,-0.002126
1.669868,0.995096,-0.997489,-0.002393
1.672601,0.994822,-0.989510,0.005313
1.675334,0.994541,-0.997489,-0.002949
1.678067,0.994252,-0.997489,-0.003237
1.680800,0.993956,-0.989510,0.004446
1.683533,0.993652,-0.989510,0.004142
1.686266,0.993341,-0.997489,-0.004149
1.688999,0.993022,-0.989510,0.003513
1.691732,0.992696,-0.997489,-0.004793
1.694465,0.992363,-0.997489,-0.005127
1.697198,0.992022,-0.981530,0.010492
1.699931,0.991674,-0.997489,-0.005816
1.702664,0.991318,-0.989510,0.001808
1.705397,0.990955,-0.989510,0.001445
1.708130,0.990585,-0.997489,-0.006905
1.710863,0.990207,-0.981530,0.008677
1.713596,0.989821,-0.997489,-0.007668
1.716329,0.989429,-0.981530,0.007899
1.719062,0.989029,-0.989510,-0.000481
1.721795,0.988621,-0.997489,-0.008868
1.724528,0.988207,-0.981530,0.006677
1.727261,0.987784,-0.989510,-0.001725
1.729994,0.987355,-0.981530,0.005825
1.732727,0.986918,-0.989510,-0.002592
1.735460,0.986474,-0.997489,-0.011016
1.738193,0.986022,-0.973550,0.012472
1.740926,0.985563,-0.989510,-0.003947
1.743659,0.985096,-0.981530,0.003567
1.746392,0.984623,-0.989510,-0.004887
1.749125,0.984142,-0.989510,-0.005368
1.751858,0.983653,-0.973550,0.010103
1.754591,0.983157,-0.989510,-0.006352
1.757324,0.982654,-0.973550,0.009104
1.760057,0.982144,-0.989510,-0.007366
1.762790,0.981626,-0.981530,0.000096
1.765523,0.981101,-0.981530,-0.000429
1.768256,0.980568,-0.973550,0.007018
1.770989,0.980028,-0.989510,-0.009481
1.773722,0.979481,-0.973550,0.005931
1.776455,0.978927,-0.981530,-0.002603
1.779188,0.978365,-0.973550,0.004815
1.781921,0.977796,-0.981530,-0.003734
1.784654,0.977219,-0.981530,-0.004310
1.787387,0.976636,-0.973550,0.003086
1.790120,0.976045,-0.973550,0.002495
1.792853,0.975447,-0.981530,-0.006083
1.795586,0.974841,-0.965570,0.009271
1.798319,0.974228,-0.981530,-0.007302
1.801052,0.973608,-0.973550,0.000058
1.803785,0.972981,-0.973550,-0.000569
1.806518,0.972346,-0.965570,0.006776
1.809251,0.971704,-0.973550,-0.001846
1.811984,0.971055,-0.973550,-0.002495
1.814717,0.970398,-0.973550,-0.003151
1.817450,0.969735,-0.965570,0.004165
1.820183,0.969064,-0.965570,0.003494
1.822916,0.968386,-0.973550,-0.005164
1.825649,0.967700,-0.965570,0.002131
1.828382,0.967008,-0.973550,-0.006542
1.831115,0.966308,-0.957590,0.008718
1.833848,0.965601,-0.973550,-0.007949
1.836581,0.964887,-0.957590,0.007297
1.839314,0.964165,-0.965570,-0.001405
1.842047,0.963436,-0.965570,-0.002133
1.844781,0.962701,-0.965570,-0.002869
1.847514,0.961957,-0.957590,0.004368
1.850247,0.961207,-0.957590,0.003617
1.852980,0.960450,-0.957590,0.002860
1.855712,0.959685,-0.965570,-0.005885
1.858445,0.958914,-0.965570,-0.006656
1.861178,0.958135,-0.949610,0.008525
1.863911,0.957348,-0.957590,-0.000241
1.866644,0.956555,-0.965570,-0.009015
1.869377,0.955755,-0.949610,0.006145
1.872110,0.954947,-0.949610,0.005337
1.874843,0.954133,-0.965570,-0.011437
1.877576,0.953311,-0.941630,0.011681
1.880309,0.952482,-0.965570,-0.013088
1.883043,0.951646,-0.941630,0.010016
1.885776,0.950803,-0.949610,0.001193
1.888509,0.949953,-0.957590,-0.007637
1.891242,0.949095,-0.941630,0.007465
1.893975,0.948231,-0.957590,-0.009359
1.896708,0.947359,-0.941630,0.005729
1.899441,0.946481,-0.941630,0.004851
1.902174,0.945595,-0.949610,-0.004015
1.904907,0.944702,-0.941630,0.003072
1.907640,0.943803,-0.949610,-0.005807
1.910373,0.942896,-0.949610,-0.006714
1.913106,0.941982,-0.925670,0.016312
1.915839,0.941061,-0.949610,-0.008549
1.918572,0.940133,-0.941630,-0.001497
1.921305,0.939198,-0.933650,0.005548
1.924038,0.938256,-0.949610,-0.011354
1.926771,0.937307,-0.909710,0.027597
1.929504,0.936351,-0.957590,-0.021238
1.932237,0.935389,-0.933650,0.001738
1.934970,0.934419,-0.941630,-0.007212
1.937703,0.933442,-0.925670,0.007771
1.940436,0.932458,-0.925670,0.006787
1.943169,0.931467,-0.941630,-0.010163
1.945902,0.930469,-0.925670,0.004799
1.948635,0.929464,-0.933650,-0.004186
1.951368,0.928453,-0.925670,0.002782
1.954101,0.927434,-0.925670,0.001764
1.956834,0.926408,-0.933650,-0.007242
1.959567,0.925376,-0.917690,0.007685
1.962300,0.924336,-0.933650,-0.009314
1.965033,0.923290,-0.909710,0.013580
1.967766,0.922237,-0.933650,-0.011413
1.970499,0.921177,-0.909710,0.011466
1.973232,0.920110,-0.925670,-0.005560
1.975965,0.919036,-0.925670,-0.006634
1.978698,0.917955,-0.917690,0.000265
1.981431,0.916868,-0.909710,0.007157
1.984164,0.915773,-0.917690,-0.001917
1.986897,0.914672,-0.909710,0.004962
1.989630,0.913564,-0.925670,-0.012106
1.992363,0.912449,-0.901730,0.010719
1.995096,0.911327,-0.917690,-0.006363
1.997829,0.910199,-0.909710,0.000488
2.000562,0.909063,-0.901730,0.007333
2.003295,0.907921,-0.901730,0.006191
2.006028,0.906772,-0.925670,-0.018898
2.008761,0.905617,-0.901730,0.003886
2.011494,0.904454,-0.893751,0.010704
2.014227,0.903285,-0.909710,-0.006425
2.016960,0.902109,-0.901730,0.000379
2.019693,0.900927,-0.901730,-0.000804
2.022426,0.899737,-0.901730,-0.001993
2.025159,0.898541,-0.893751,0.004790
2.027892,0.897338,-0.901730,-0.004392
2.030625,0.896129,-0.893751,0.002378
2.033358,0.894912,-0.909710,-0.014798
2.036091,0.893689,-0.877791,0.015899
2.038824,0.892460,-0.893751,-0.001291
2.041557,0.891223,-0.893751,-0.002527
2.044290,0.889981,-0.885771,0.004210
2.047023,0.888731,-0.885771,0.002960
2.049756,0.887475,-0.893751,-0.006276
2.052489,0.886212,-0.885771,0.000441
2.055222,0.884943,-0.885771,-0.000828
2.057955,0.883666,-0.877791,0.005876
2.060688,0.882384,-0.885771,-0.003387
2.063421,0.881095,-0.893751,-0.012656
2.066154,0.879799,-0.869811,0.009988
2.068887,0.878496,-0.877791,0.000705
2.071620,0.877187,-0.869811,0.007376
2.074353,0.875872,-0.885771,-0.009899
2.077086,0.874550,-0.869811,0.004739
2.079819,0.873221,-0.853851,0.019370
2.082552,0.871886,-0.893751,-0.021864
2.085285,0.870544,-0.869811,0.000734
2.088018,0.869196,-0.885771,-0.016574
2.090751,0.867842,-0.845871,0.021971
2.093484,0.866481,-0.869811,-0.003330
2.096217,0.865113,-0.869811,-0.004698
2.098950,0.863739,-0.861831,0.001908
2.101683,0.862358,-0.853851,0.008507
2.104416,0.860972,-0.869811,-0.008839
2.107149,0.859578,-0.853851,0.005727
2.109882,0.858178,-0.861831,-0.003653
2.112615,0.856772,-0.861831,-0.005059
2.115348,0.855360,-0.861831,-0.006471
2.118081,0.853940,-0.845871,0.008069
2.120814,0.852515,-0.845871,0.006644
2.123547,0.851083,-0.853851,-0.002768
2.126280,0.849645,-0.853851,-0.004206
2.129013,0.848201,-0.837891,0.010310
2.131746,0.846750,-0.853851,-0.007101
2.134479,0.845293,-0.845871,-0.000578
2.137212,0.843830,-0.845871,-0.002041
2.139945,0.842360,-0.837891,0.004469
2.142678,0.840884,-0.853851,-0.012967
2.145411,0.839402,-0.829911,0.009490
2.148144,0.837913,-0.837891,0.000022
2.150877,0.836418,-0.829911,0.006507
2.153610,0.834917,-0.821931,0.012986
2.156343,0.833410,-0.853851,-0.020441
2.159076,0.831896,-0.821931,0.009965
2.161809,0.830377,-0.837891,-0.007514
2.164542,0.828851,-0.829911,-0.001060
2.167275,0.827319,-0.837891,-0.010572
2.170008,0.825780,-0.813951,0.011829
2.172741,0.824236,-0.829911,-0.005675
2.175474,0.822685,-0.813951,0.008734
2.178207,0.821128,-0.821931,-0.000803
2.180940,0.819565,-0.821931,-0.002366
2.183673,0.817996,-0.813951,0.004045
2.186406,0.816421,-0.821931,-0.005510
2.189139,0.814840,-0.813951,0.000889
2.191872,0.813253,-0.805972,0.007281
2.194605,0.811659,-0.837891,-0.026232
2.197339,0.810060,-0.790012,0.020048
2.200072,0.808454,-0.805972,0.002483
2.202805,0.806843,-0.805972,0.000871
2.205538,0.805225,-0.813951,-0.008726
2.208271,0.803602,-0.797992,0.005610
2.211004,0.801972,-0.797992,0.003980
2.213737,0.800336,-0.805972,-0.005635
2.216470,0.798695,-0.797992,0.000703
2.219203,0.797047,-0.790012,0.007036
2.221936,0.795394,-0.821931,-0.026537
2.224669,0.793734,-0.774052,0.019682
2.227402,0.792069,-0.790012,0.002057
2.230135,0.790398,-0.774052,0.016346
2.232867,0.788721,-0.805972,-0.017251
2.235600,0.787038,-0.782032,0.005006
2.238333,0.785349,-0.790012,-0.004663
2.241066,0.783654,-0.790012,-0.006358
2.243799,0.781953,-0.774052,0.007901
2.246532,0.780247,-0.797992,-0.017745
2.249266,0.778534,-0.766072,0.012462
2.251999,0.776816,-0.774052,0.002764
2.254732,0.775092,-0.774052,0.001040
2.257465,0.773362,-0.774052,-0.000689
2.260198,0.771627,-0.766072,0.005555
2.262931,0.769886,-0.782032,-0.012146
2.265664,0.768139,-0.758092,0.010047
2.268397,0.766386,-0.766072,0.000314
2.271130,0.764627,-0.774052,-0.009424
2.273863,0.762863,-0.774052,-0.011189
2.276596,0.761093,-0.742132,0.018961
2.279329,0.759318,-0.766072,-0.006754
2.282062,0.757536,-0.750112,0.007424
2.284795,0.755749,-0.758092,-0.002343
2.287528,0.753957,-0.750112,0.003845
2.290261,0.752159,-0.758092,-0.005933
2.292994,0.750355,-0.750112,0.000243
2.295727,0.748546,-0.742132,0.006413
2.298460,0.746731,-0.750112,-0.003381
2.301193,0.744910,-0.774052,-0.029142
2.303926,0.743084,-0.710213,0.032871
2.306659,0.741252,-0.726172,0.015080
2.309392,0.739415,-0.758092,-0.018677
2.312125,0.737572,-0.742132,-0.004560
2.314858,0.735724,-0.734152,0.001572
2.317591,0.733870,-0.726172,0.007698
2.320324,0.732011,-0.742132,-0.010121
2.323057,0.730146,-0.726172,0.003974
2.325790,0.728276,-0.750112,-0.021836
2.328523,0.726400,-0.702233,0.024168
2.331256,0.724519,-0.726172,-0.001653
2.333989,0.722633,-0.726172,-0.003539
2.336722,0.720741,-0.718192,0.002549
2.339455,0.718844,-0.718192,0.000651
2.342188,0.716941,-0.710213,0.006729
2.344921,0.715033,-0.726172,-0.011139
2.347654,0.713120,-0.710213,0.002908
2.350387,0.711201,-0.710213,0.000989
2.353120,0.709278,-0.702233,0.007045
2.355853,0.707348,-0.742132,-0.034784
2.358586,0.705414,-0.678293,0.027121
2.361319,0.703474,-0.702233,0.001241
2.364052,0.701529,-0.702233,-0.000704
2.366785,0.699579,-0.694253,0.005326
2.369518,0.697623,-0.702233,-0.004609
2.372251,0.695662,-0.694253,0.001410
2.374984,0.693697,-0.694253,-0.000556
2.377717,0.691725,-0.694253,-0.002527
2.380450,0.689749,-0.694253,-0.004503
2.383183,0.687768,-0.678293,0.009475
2.385916,0.685781,-0.686273,-0.000491
2.388649,0.683790,-0.686273,-0.002483
2.391382,0.681793,-0.686273,-0.004480
2.394115,0.679791,-0.678293,0.001498
2.396848,0.677784,-0.670313,0.007471
2.399581,0.675772,-0.678293,-0.002521
2.402314,0.673755,-0.678293,-0.004538
2.405047,0.671733,-0.670313,0.001420
2.407780,0.669706,-0.694253,-0.024547
2.410513,0.667674,-0.638393,0.029280
2.413246,0.665637,-0.670313,-0.004676
2.415979,0.663595,-0.662333,0.001262
2.418712,0.661548,-0.662333,-0.000785
2.421445,0.659496,-0.662333,-0.002837
2.424178,0.657439,-0.654353,0.003086
2.426911,0.655377,-0.654353,0.001024
2.429644,0.653310,-0.654353,-0.001043
2.432377,0.651239,-0.654353,-0.003114
2.435110,0.649162,-0.670313,-0.021151
2.437843,0.647081,-0.622433,0.024647
2.440576,0.644995,-0.646373,-0.001378
2.443309,0.642904,-0.638393,0.004510
2.446042,0.640808,-0.646373,-0.005565
2.448775,0.638708,-0.638393,0.000314
2.451508,0.636602,-0.630413,0.006189
2.454241,0.634492,-0.638393,-0.003901
2.456974,0.632377,-0.606474,0.025904
2.459707,0.630258,-0.686273,-0.056015
2.462440,0.628134,-0.598494,0.029640
2.465173,0.626005,-0.622433,0.003571
2.467906,0.623871,-0.630413,-0.006542
2.470639,0.621733,-0.614453,0.007280
2.473372,0.619590,-0.630413,-0.010823
2.476105,0.617443,-0.606474,0.010969
2.478838,0.615291,-0.622433,-0.007143
2.481571,0.613134,-0.606474,0.006660
2.484304,0.610973,-0.614453,-0.003481
2.487037,0.608807,-0.638393,-0.029587
2.489770,0.606636,-0.574554,0.032082
2.492503,0.604461,-0.606474,-0.002012
2.495236,0.602282,-0.606474,-0.004192
2.497969,0.600098,-0.598494,0.001604
2.500702,0.597909,-0.590514,0.007396
2.503435,0.595716,-0.606474,-0.010757
2.506168,0.593519,-0.590514,0.003005
2.508901,0.591317,-0.582534,0.008783
2.511634,0.589111,-0.598494,-0.009383
2.514367,0.586900,-0.614453,-0.027553
2.517101,0.584685,-0.550614,0.034071
2.519834,0.582466,-0.590514,-0.008048
2.522567,0.580242,-0.574554,0.005688
2.525300,0.578014,-0.574554,0.003460
2.528033,0.575782,-0.582534,-0.006752
2.530766,0.573545,-0.574554,-0.001009
2.533499,0.571304,-0.542634,0.028670
2.536231,0.569059,-0.590514,-0.021455
2.538964,0.566810,-0.598494,-0.031684
2.541698,0.564556,-0.534654,0.029902
2.544430,0.562298,-0.566574,-0.004276
2.547163,0.560036,-0.558594,0.001442
2.549896,0.557770,-0.558594,-0.000824
2.552629,0.555499,-0.558594,-0.003095
2.555362,0.553225,-0.542634,0.010590
2.558095,0.550946,-0.558594,-0.007648
2.560828,0.548663,-0.550614,-0.001951
2.563561,0.546376,-0.542634,0.003742
2.566294,0.544085,-0.574554,-0.030469
2.569028,0.541790,-0.510715,0.031075
2.571761,0.539491,-0.534654,0.004836
2.574494,0.537187,-0.542634,-0.005447
2.577227,0.534880,-0.542634,-0.007754
2.579960,0.532569,-0.518695,0.013875
2.582693,0.530254,-0.542634,-0.012380
2.585426,0.527935,-0.518695,0.009240
2.588159,0.525612,-0.526674,-0.001063
2.590892,0.523285,-0.526674,-0.003390
2.593625,0.520954,-0.550614,-0.029660
2.596358,0.518619,-0.486775,0.031844
2.599091,0.516280,-0.518695,-0.002414
2.601824,0.513938,-0.510715,0.003223
2.604557,0.511591,-0.518695,-0.007103
2.607290,0.509241,-0.470815,0.038426
2.610023,0.506887,-0.542634,-0.035747
2.612756,0.504530,-0.502735,0.001795
2.615489,0.502168,-0.502735,-0.000567
2.618222,0.499803,-0.522684,-0.022882
2.620955,0.497434,-0.474805,0.022629
2.623688,0.495061,-0.494755,0.000306
2.626421,0.492684,-0.490765,0.001920
2.629154,0.490304,-0.490765,-0.000460
2.631887,0.487921,-0.486775,0.001146
2.634620,0.485533,-0.486775,-0.001242
2.637353,0.483142,-0.486775,-0.003633
2.640086,0.480747,-0.474805,0.005942
2.642819,0.478349,-0.482785,-0.004436
2.645552,0.475947,-0.474805,0.001142
2.648285,0.473542,-0.498745,-0.025203
2.651018,0.471133,-0.446875,0.024258
2.653751,0.468720,-0.466825,0.001895
2.656484,0.466305,-0.466825,-0.000520
2.659217,0.463885,-0.462835,0.001050
2.661950,0.461462,-0.462835,-0.001373
2.664683,0.459036,-0.458845,0.000191
2.667416,0.456606,-0.454855,0.001751
2.670149,0.454173,-0.454855,-0.000682
2.672882,0.451737,-0.450865,0.000871
2.675615,0.449297,-0.478795,-0.029498
2.678348,0.446853,-0.418946,0.027908
2.681081,0.444406,-0.446875,-0.002469
2.683814,0.441957,-0.410966,0.030991
2.686547,0.439503,-0.466825,-0.027322
2.689280,0.437047,-0.438895,-0.001848
2.692013,0.434587,-0.430915,0.003672
2.694746,0.432124,-0.434905,-0.002781
2.697479,0.429658,-0.430915,-0.001258
2.700212,0.427188,-0.454855,-0.027667
2.702945,0.424716,-0.395006,0.029710
2.705678,0.422240,-0.422936,-0.000696
2.708411,0.419761,-0.422936,-0.003175
2.711144,0.417279,-0.410966,0.006313
2.713877,0.414793,-0.418946,-0.004152
2.716610,0.412305,-0.410966,0.001339
2.719343,0.409814,-0.410966,-0.001152
2.722076,0.407319,-0.406976,0.000343
2.724809,0.404822,-0.402986,0.001836
2.727542,0.402321,-0.434905,-0.032584
2.730275,0.399817,-0.367076,0.032741
2.733008,0.397311,-0.398996,-0.001685
2.735741,0.394801,-0.395006,-0.000205
2.738474,0.392289,-0.395006,-0.002717
2.741207,0.389773,-0.387026,0.002747
2.743940,0.387255,-0.387026,0.000229
2.746673,0.384734,-0.383036,0.001698
2.749406,0.382210,-0.383036,-0.000826
2.752139,0.379683,-0.383036,-0.003353
2.754872,0.377153,-0.402986,-0.025833
2.757605,0.374620,-0.347126,0.027494
2.760338,0.372085,-0.339146,0.032939
2.763071,0.369547,-0.402986,-0.033439
2.765804,0.367006,-0.367076,-0.000070
2.768537,0.364463,-0.363086,0.001376
2.771270,0.361916,-0.359096,0.002820
2.774003,0.359367,-0.363086,-0.003719
2.776736,0.356815,-0.355106,0.001709
2.779469,0.354261,-0.387026,-0.032765
2.782202,0.351704,-0.319197,0.032507
2.784935,0.349144,-0.347126,0.002018
2.787668,0.346582,-0.351116,-0.004535
2.790401,0.344017,-0.343136,0.000880
2.793134,0.341449,-0.339146,0.002303
2.795867,0.338879,-0.339146,-0.000267
2.798600,0.336307,-0.339146,-0.002840
2.801333,0.333732,-0.331167,0.002565
2.804066,0.331154,-0.331167,-0.000012
2.806799,0.328574,-0.359096,-0.030522
2.809532,0.325991,-0.295257,0.030735
2.812265,0.323407,-0.323187,0.000220
2.814998,0.320819,-0.323187,-0.002367
2.817731,0.318229,-0.319197,-0.000967
2.820464,0.315637,-0.311217,0.004421
2.823197,0.313043,-0.315207,-0.002164
2.825930,0.310446,-0.311217,-0.000771
2.828663,0.307847,-0.307227,0.000620
2.831396,0.305246,-0.303237,0.002009
2.834129,0.302642,-0.307227,-0.004585
2.836862,0.300036,-0.295257,0.004779
2.839595,0.297428,-0.299247,-0.001819
2.842328,0.294817,-0.295257,-0.000440
2.845061,0.292205,-0.291267,0.000938
2.847794,0.289590,-0.291267,-0.001677
2.850527,0.286973,-0.287277,-0.000304
2.853260,0.284354,-0.279297,0.005057
2.855993,0.281733,-0.287277,-0.005544
2.858726,0.279109,-0.307227,-0.028117
2.861459,0.276484,-0.247377,0.029106
2.864192,0.273856,-0.271317,0.002539
2.866925,0.271227,-0.275307,-0.004080
2.869658,0.268595,-0.267327,0.001268
2.872391,0.265961,-0.263337,0.002624
2.875124,0.263326,-0.263337,-0.000011
2.877857,0.260688,-0.263337,-0.002649
2.880590,0.258049,-0.255357,0.002692
2.883323,0.255408,-0.259347,-0.003940
2.886056,0.252764,-0.279297,-0.026533
2.888790,0.250119,-0.221443,0.028676
2.891523,0.247472,-0.247377,0.000094
2.894256,0.244823,-0.245382,-0.000560
2.896989,0.242172,-0.241392,0.000780
2.899722,0.239520,-0.239397,0.000122
2.902455,0.236865,-0.237402,-0.000537
2.905188,0.234209,-0.233413,0.000797
2.907921,0.231551,-0.231418,0.000134
2.910654,0.228892,-0.229423,-0.000531
2.913387,0.226230,-0.227428,-0.001197
2.916120,0.223567,-0.221443,0.002125
2.918853,0.220903,-0.221443,-0.000540
2.921586,0.218237,-0.219448,-0.001211
2.924319,0.215569,-0.215458,0.000111
2.927052,0.212899,-0.211468,0.001431
2.929785,0.210228,-0.211468,-0.001240
2.932518,0.207555,-0.205483,0.002072
2.935251,0.204881,-0.207478,-0.002597
2.937984,0.202205,-0.231418,-0.029212
2.940717,0.199528,-0.169573,0.029954
2.943450,0.196849,-0.197503,-0.000654
2.946183,0.194169,-0.193513,0.000656
2.948916,0.191487,-0.189523,0.001964
2.951649,0.188804,-0.191518,-0.002714
2.954382,0.186119,-0.185533,0.000586
2.957115,0.183433,-0.181543,0.001890
2.959848,0.180746,-0.183538,-0.002792
2.962581,0.178057,-0.175558,0.002499
2.965314,0.175367,-0.177553,-0.002186
2.968047,0.172676,-0.203488,-0.030812
2.970780,0.169983,-0.137654,0.032330
2.973513,0.167289,-0.167578,-0.000289
2.976246,0.164594,-0.163588,0.001006
2.978979,0.161898,-0.163588,-0.001690
2.981712,0.159201,-0.159598,-0.000398
2.984445,0.156502,-0.155608,0.000893
2.987178,0.153802,-0.121694,0.032108
2.989911,0.151101,-0.183538,-0.032437
2.992644,0.148399,-0.179548,-0.031149
2.995377,0.145695,-0.113714,0.031982
2.998110,0.142991,-0.143638,-0.000647
3.000843,0.140286,-0.139649,0.000637
3.003576,0.137579,-0.137654,-0.000074
3.006309,0.134872,-0.135659,-0.000787
3.009042,0.132163,-0.131669,0.000494
3.011775,0.129454,-0.129674,-0.000220
3.014508,0.126743,-0.126681,0.000062
3.017241,0.124032,-0.123689,0.000343
3.019974,0.121319,-0.153613,-0.032294
3.022707,0.118606,-0.086782,0.031824
3.025440,0.115892,-0.115709,0.000183
3.028173,0.113177,-0.112716,0.000460
3.030906,0.110461,-0.110721,-0.000261
3.033639,0.107744,-0.108726,-0.000982
3.036372,0.105027,-0.103739,0.001288
3.039105,0.102308,-0.102741,-0.000433
3.041838,0.099589,-0.099749,-0.000160
3.044571,0.096870,-0.096756,0.000113
3.047304,0.094149,-0.125684,-0.031535
3.050037,0.091428,-0.059849,0.031578
3.052770,0.088706,-0.088777,-0.000071
3.055503,0.085983,-0.085784,0.000199
3.058236,0.083260,-0.083789,-0.000529
3.060969,0.080536,-0.048877,0.031659
3.063702,0.077812,-0.108726,-0.030914
3.066435,0.075087,-0.075809,-0.000722
3.069168,0.072361,-0.071819,0.000542
3.071901,0.069635,-0.101744,-0.032109
3.074634,0.066909,-0.034912,0.031996
3.077367,0.064181,-0.063839,0.000342
3.080100,0.061454,-0.062343,-0.000889
3.082833,0.058726,-0.057854,0.000871
3.085566,0.055997,-0.056358,-0.000361
3.088299,0.053268,-0.053366,-0.000097
3.091032,0.050539,-0.050872,-0.000333
3.093765,0.047809,-0.047381,0.000429
3.096498,0.045079,-0.044887,0.000192
3.099231,0.042349,-0.074812,-0.032463
3.101964,0.039618,-0.006982,0.032636
3.104697,0.036887,-0.037406,-0.000519
3.107430,0.034156,-0.033915,0.000241
3.110163,0.031424,-0.031670,-0.000246
3.112896,0.028693,-0.028678,0.000015
3.115629,0.025961,-0.025935,0.000026
3.118362,0.023228,-0.023192,0.000037
3.121095,0.020496,-0.020449,0.000048
3.123828,0.017764,-0.017705,0.000058
3.126561,0.015031,-0.047007,-0.031976
3.129294,0.012298,0.019700,0.031998
3.132027,0.009565,-0.009726,-0.000160
3.134760,0.006832,-0.006733,0.000099
3.137493,0.004099,0.027758,0.031858
3.140226,0.001367,-0.033244,-0.031878
3.142959,-0.001366,0.001372,0.000005
3.145692,-0.004099,0.004052,-0.000047
3.148425,-0.006832,0.006858,0.000025
3.151158,-0.009565,-0.022444,-0.032009
3.153891,-0.012298,0.044264,0.031965
3.156624,-0.015031,0.015212,0.000181
3.159357,-0.017764,0.017705,-0.000058
3.162090,-0.020496,0.020449,-0.000048
3.164823,-0.023229,0.023192,-0.000037
3.167556,-0.025961,0.025935,-0.000026
3.170289,-0.028693,0.028428,-0.000264
3.173022,-0.031424,0.031920,0.000495
3.175755,-0.034156,0.033915,-0.000241
3.178488,-0.036887,0.005486,-0.031401
3.181221,-0.039618,0.070822,0.031203
3.183954,-0.042349,0.042892,0.000543
3.186687,-0.045080,0.044887,-0.000193
3.189420,-0.047810,0.047381,-0.000429
3.192153,-0.050539,0.051371,0.000831
3.194886,-0.053269,0.052867,-0.000402
3.197619,-0.055997,0.055859,-0.000138
3.200352,-0.058726,0.058852,0.000126
3.203085,-0.061454,0.060847,-0.000607
3.205818,-0.064182,0.032917,-0.031264
3.208552,-0.066909,0.098751,0.031842
3.211285,-0.069636,0.069824,0.000189
3.214018,-0.072362,0.103739,0.031377
3.216750,-0.075087,0.043890,-0.031197
3.219483,-0.077812,0.077804,-0.000008
3.222216,-0.080536,0.079799,-0.000737
3.224949,-0.083260,0.083789,0.000529
3.227682,-0.085983,0.085784,-0.000199
3.230415,-0.088706,0.056857,-0.031849
3.233149,-0.091428,0.123689,0.032261
3.235882,-0.094149,0.093764,-0.000385
3.238615,-0.096870,0.096756,-0.000113
3.241348,-0.099590,0.099749,0.000159
3.244081,-0.102309,0.101744,-0.000565
3.246814,-0.105027,0.105734,0.000707
3.249547,-0.107744,0.107729,-0.000015
3.252280,-0.110461,0.109724,-0.000737
3.255013,-0.113177,0.113714,0.000537
3.257746,-0.115892,0.116706,0.000814
3.260478,-0.118606,0.085784,-0.032822
3.263212,-0.121319,0.153613,0.032294
3.265945,-0.124032,0.123689,-0.000343
3.268678,-0.126743,0.129674,0.002930
3.271411,-0.129454,0.125684,-0.003770
3.274144,-0.132163,0.135659,0.003495
3.276877,-0.134872,0.133664,-0.001208
3.279610,-0.137579,0.135659,-0.001921
3.282343,-0.140286,0.141644,0.001358
3.285076,-0.142991,0.143638,0.000647
3.287809,-0.145696,0.145633,-0.000062
3.290542,-0.148399,0.147628,-0.000770
3.293275,-0.151101,0.151618,0.000517
3.296008,-0.153802,0.153613,-0.000189
3.298741,-0.156502,0.157603,0.001101
3.301474,-0.159201,0.157603,-0.001597
3.304207,-0.161898,0.161593,-0.000305
3.306940,-0.164595,0.165583,0.000989
3.309673,-0.167290,0.167578,0.000289
3.312406,-0.169984,0.137654,-0.032330
3.315139,-0.172676,0.205483,0.032807
3.317872,-0.175368,0.173563,-0.001804
3.320605,-0.178058,0.179548,0.001491
3.323338,-0.180746,0.179548,-0.001198
3.326071,-0.183434,0.183538,0.000105
3.328804,-0.186119,0.187528,0.001409
3.331537,-0.188804,0.187528,-0.001276
3.334270,-0.191487,0.191518,0.000031
3.337003,-0.194169,0.195508,0.001339
3.339736,-0.196849,0.163588,-0.033261
3.342469,-0.199528,0.231418,0.031889
3.345202,-0.202205,0.203488,0.001282
3.347935,-0.204881,0.203488,-0.001393
3.350668,-0.207555,0.207478,-0.000078
3.353401,-0.210228,0.211468,0.001240
3.356134,-0.212899,0.211468,-0.001431
3.358867,-0.215569,0.217453,0.001884
3.361600,-0.218237,0.217453,-0.000784
3.364333,-0.220903,0.219448,-0.001455
3.367066,-0.223568,0.225433,0.001865
3.369799,-0.226231,0.225433,-0.000798
3.372532,-0.228892,0.229423,0.000531
3.375265,-0.231551,0.229423,-0.002129
3.377998,-0.234209,0.237402,0.003193
3.380731,-0.236865,0.233413,-0.003453
3.383464,-0.239520,0.241392,0.001873
3.386197,-0.242172,0.243387,0.001215
3.388930,-0.244823,0.243387,-0.001436
3.391663,-0.247472,0.219448,-0.028024
3.394396,-0.250119,0.279297,0.029178
3.397129,-0.252764,0.255357,0.002593
3.399862,-0.255408,0.251367,-0.004040
3.402595,-0.258049,0.263337,0.005288
3.405328,-0.260689,0.255357,-0.005331
3.408061,-0.263326,0.267327,0.004001
3.410794,-0.265962,0.263337,-0.002624
3.413527,-0.268595,0.271317,0.002722
3.416260,-0.271227,0.267327,-0.003900
3.418993,-0.273856,0.247377,-0.026479
3.421726,-0.276484,0.303237,0.026753
3.424459,-0.279109,0.283287,0.004178
3.427192,-0.281733,0.279297,-0.002436
3.429925,-0.284354,0.283287,-0.001067
3.432658,-0.286973,0.291267,0.004294
3.435391,-0.289590,0.283287,-0.006303
3.438124,-0.292205,0.295257,0.003052
3.440857,-0.294818,0.327177,0.032359
3.443590,-0.297428,0.235408,-0.062020
3.446323,-0.300036,0.331167,0.031130
3.449056,-0.302642,0.299247,-0.003395
3.451789,-0.305246,0.307227,0.001981
3.454522,-0.307847,0.307227,-0.000620
3.457255,-0.310446,0.311217,0.000770
3.459988,-0.313043,0.315207,0.002164
3.462721,-0.315638,0.315207,-0.000431
3.465454,-0.318230,0.315207,-0.003023
3.468187,-0.320819,0.323187,0.002367
3.470920,-0.323407,0.291267,-0.032140
3.473653,-0.325992,0.355106,0.029114
3.476386,-0.328574,0.331167,0.002592
3.479119,-0.331154,0.331167,0.000012
3.481852,-0.333732,0.335156,0.001425
3.484585,-0.336307,0.331167,-0.005140
3.487318,-0.338879,0.343136,0.004257
3.490051,-0.341449,0.339146,-0.002303
3.492784,-0.344017,0.347126,0.003109
3.495517,-0.346582,0.343136,-0.003445
3.498250,-0.349144,0.323187,-0.025958
3.500983,-0.351704,0.379046,0.027342
3.503716,-0.354261,0.355106,0.000845
3.506449,-0.356816,0.355106,-0.001709
3.509182,-0.359367,0.359096,-0.000271
3.511915,-0.361916,0.363086,0.001170
3.514648,-0.364463,0.395006,0.030543
3.517381,-0.367006,0.335156,-0.031850
3.520114,-0.369547,0.371066,0.001519
3.522847,-0.372085,0.343136,-0.028949
3.525580,-0.374621,0.402986,0.028365
3.528313,-0.377153,0.379046,0.001893
3.531046,-0.379683,0.379046,-0.000637
3.533779,-0.382210,0.379046,-0.003164
3.536512,-0.384734,0.387026,0.002292
3.539245,-0.387255,0.387026,-0.000229
3.541978,-0.389774,0.391016,0.001242
3.544711,-0.392289,0.391016,-0.001273
3.547444,-0.394801,0.395006,0.000204
3.550177,-0.397311,0.398996,0.001685
3.552910,-0.399817,0.367076,-0.032741
3.555644,-0.402321,0.434905,0.032584
3.558377,-0.404822,0.402986,-0.001836
3.561110,-0.407319,0.434905,0.027586
3.563842,-0.409814,0.383036,-0.026778
3.566575,-0.412305,0.410966,-0.001339
3.569308,-0.414793,0.418946,0.004152
3.572041,-0.417279,0.410966,-0.006313
3.574774,-0.419761,0.422936,0.003175
3.577507,-0.422240,0.395006,-0.027234
3.580240,-0.424716,0.450865,0.026150
3.582973,-0.427188,0.426925,-0.000263
3.585706,-0.429658,0.430915,0.001258
3.588439,-0.432124,0.434905,0.002781
3.591172,-0.434587,0.430915,-0.003672
3.593905,-0.437047,0.438895,0.001848
3.596638,-0.439503,0.438895,-0.000608
3.599371,-0.441957,0.438895,-0.003061
3.602104,-0.444407,0.446875,0.002469
3.604837,-0.446853,0.418946,-0.027908
3.607571,-0.449297,0.478795,0.029498
3.610304,-0.451737,0.450865,-0.000871
3.613037,-0.454173,0.450865,-0.003308
3.615770,-0.456606,0.458845,0.002239
3.618503,-0.459036,0.462835,0.003799
3.621236,-0.461462,0.454855,-0.006607
3.623969,-0.463885,0.470815,0.006930
3.626702,-0.466305,0.462835,-0.003470
3.629435,-0.468721,0.466825,-0.001896
3.632168,-0.471133,0.442885,-0.028248
3.634901,-0.473542,0.506725,0.033182
3.637634,-0.475948,0.470815,-0.005133
3.640367,-0.478349,0.478795,0.000446
3.643100,-0.480748,0.482785,0.002037
3.645833,-0.483142,0.482785,-0.000357
3.648566,-0.485533,0.486775,0.001242
3.651299,-0.487921,0.486775,-0.001146
3.654032,-0.490304,0.490765,0.000460
3.656765,-0.492685,0.490765,-0.001920
3.659498,-0.495061,0.466825,-0.028236
3.662231,-0.497434,0.526674,0.029240
3.664964,-0.499803,0.494755,-0.005048
3.667697,-0.502168,0.502735,0.000566
3.670430,-0.504530,0.510715,0.006185
3.673163,-0.506888,0.502735,-0.004153
3.675896,-0.509242,0.502735,-0.006507
3.678629,-0.511592,0.518695,0.007103
3.681362,-0.513938,0.510715,-0.003223
3.684095,-0.516281,0.518695,0.002414
3.686828,-0.518619,0.486775,-0.031844
3.689561,-0.520954,0.558594,0.037640
3.692294,-0.523285,0.510715,-0.012571
3.695027,-0.525612,0.534654,0.009042
3.697760,-0.527935,0.526674,-0.001261
3.700493,-0.530254,0.526674,-0.003580
3.703226,-0.532569,0.534654,0.002085
3.705959,-0.534881,0.582534,0.047653
3.708692,-0.537187,0.462835,-0.074352
3.711425,-0.539491,0.566574,0.027083
3.714158,-0.541790,0.542634,0.000844
3.716891,-0.544085,0.542634,-0.001451
3.719624,-0.546376,0.542634,-0.003742
3.722357,-0.548663,0.550614,0.001951
3.725090,-0.550946,0.550614,-0.000332
3.727823,-0.553225,0.558594,0.005370
3.730556,-0.555499,0.550614,-0.004885
3.733289,-0.557770,0.558594,0.000825
3.736022,-0.560036,0.534654,-0.025382
3.738755,-0.562298,0.590514,0.028216
3.741488,-0.564556,0.558594,-0.005962
3.744221,-0.566810,0.574554,0.007744
3.746954,-0.569059,0.558594,-0.010465
3.749687,-0.571304,0.582534,0.011229
3.752420,-0.573545,0.566574,-0.006971
3.755153,-0.575782,0.574554,-0.001228
3.757886,-0.578014,0.582534,0.004519
3.760619,-0.580242,0.582534,0.002291
3.763352,-0.582466,0.550614,-0.031852
3.766085,-0.584686,0.614453,0.029768
3.768818,-0.586901,0.582534,-0.004367
3.771551,-0.589111,0.590514,0.001403
3.774284,-0.591317,0.590514,-0.000804
3.777017,-0.593519,0.598494,0.004974
3.779750,-0.595717,0.590514,-0.005203
3.782483,-0.597909,0.606474,0.008564
3.785216,-0.600098,0.590514,-0.009584
3.787949,-0.602282,0.606474,0.004192
3.790682,-0.604461,0.574554,-0.029907
3.793415,-0.606636,0.638393,0.031757
3.796148,-0.608807,0.606474,-0.002333
3.798881,-0.610973,0.606474,-0.004499
3.801614,-0.613134,0.622433,0.009299
3.804347,-0.615291,0.606474,-0.008817
3.807080,-0.617443,0.622433,0.004991
3.809813,-0.619590,0.622433,0.002843
3.812546,-0.621733,0.614453,-0.007280
3.815279,-0.623871,0.622433,-0.001438
3.818012,-0.626005,0.630413,0.004408
3.820745,-0.628134,0.606474,-0.021660
3.823478,-0.630258,0.654353,0.024095
3.826211,-0.632378,0.630413,-0.001964
3.828944,-0.634493,0.630413,-0.004079
3.831677,-0.636603,0.638393,0.001791
3.834410,-0.638708,0.646373,0.007665
3.837143,-0.640808,0.630413,-0.010395
3.839876,-0.642904,0.646373,0.003469
3.842609,-0.644995,0.646373,0.001378
3.845342,-0.647081,0.646373,-0.000708
3.848075,-0.649162,0.630413,-0.018749
3.850809,-0.651239,0.670313,0.019074
3.853542,-0.653311,0.654353,0.001043
3.856275,-0.655377,0.702233,0.046855
3.859007,-0.657439,0.606474,-0.050965
3.861740,-0.659496,0.662333,0.002837
3.864473,-0.661547,0.662333,0.000786
3.867206,-0.663594,0.662333,-0.001261
3.869939,-0.665637,0.646373,-0.019263
3.872672,-0.667674,0.686273,0.018599
3.875405,-0.669706,0.670313,0.000607
3.878138,-0.671733,0.670313,-0.001420
3.880871,-0.673755,0.678293,0.004538
3.883604,-0.675772,0.670313,-0.005459
3.886337,-0.677784,0.686273,0.008489
3.889070,-0.679791,0.670313,-0.009478
3.891803,-0.681793,0.686273,0.004480
3.894536,-0.683790,0.686273,0.002483
3.897269,-0.685781,0.654353,-0.031428
3.900002,-0.687768,0.718192,0.030424
3.902735,-0.689749,0.686273,-0.003477
3.905468,-0.691726,0.694253,0.002527
3.908201,-0.693697,0.694253,0.000556
3.910934,-0.695663,0.694253,-0.001410
3.913667,-0.697623,0.694253,-0.003371
3.916400,-0.699579,0.710213,0.010634
3.919133,-0.701529,0.694253,-0.007276
3.921866,-0.703474,0.702233,-0.001241
3.924599,-0.705414,0.678293,-0.027121
3.927333,-0.707348,0.742132,0.034784
3.930066,-0.709278,0.702233,-0.007045
3.932799,-0.711202,0.710213,-0.000989
3.935532,-0.713120,0.710213,-0.002908
3.938265,-0.715033,0.718192,0.003159
3.940998,-0.716941,0.718192,0.001251
3.943731,-0.718844,0.726172,0.007328
3.946464,-0.720741,0.710213,-0.010529
3.949197,-0.722633,0.726172,0.003539
3.951930,-0.724519,0.702233,-0.022287
3.954663,-0.726401,0.750112,0.023711
3.957396,-0.728276,0.726172,-0.002104
3.960129,-0.730146,0.726172,-0.003974
3.962862,-0.732011,0.742132,0.010121
3.965595,-0.733870,0.726172,-0.007698
3.968328,-0.735724,0.734152,-0.001572
3.971061,-0.737572,0.742132,0.004560
3.973794,-0.739415,0.742132,0.002717
3.976527,-0.741252,0.734152,-0.007100
3.979260,-0.743084,0.726172,-0.016912
3.981993,-0.744910,0.766072,0.021162
3.984726,-0.746731,0.742132,-0.004599
3.987459,-0.748546,0.750112,0.001566
3.990192,-0.750355,0.758092,0.007737
3.992925,-0.752159,0.742132,-0.010027
3.995658,-0.753957,0.758092,0.004135
3.998391,-0.755750,0.758092,0.002342
4.001124,-0.757537,0.734152,-0.023384
4.003857,-0.759318,0.797992,0.038674
4.006590,-0.761093,0.766072,0.004978
4.009323,-0.762863,0.766072,0.003209
4.012055,-0.764627,0.718192,-0.046435
4.014789,-0.766386,0.766072,-0.000314
4.017522,-0.768139,0.805972,0.037833
4.020255,-0.769886,0.734152,-0.035733
4.022988,-0.771627,0.805972,0.034344
4.025721,-0.773362,0.742132,-0.031230
4.028454,-0.775092,0.813951,0.038859
4.031187,-0.776816,0.726172,-0.050644
4.033920,-0.778534,0.829911,0.051377
4.036653,-0.780247,0.734152,-0.046094
4.039386,-0.781953,0.829911,0.047958
4.042119,-0.783654,0.734152,-0.049501
4.044852,-0.785349,0.790012,0.004663
4.047585,-0.787038,0.821931,0.034894
4.050318,-0.788721,0.758092,-0.030629
4.053051,-0.790398,0.821931,0.031533
4.055784,-0.792069,0.758092,-0.033977
4.058517,-0.793735,0.829911,0.036177
4.061250,-0.795394,0.758092,-0.037302
4.063983,-0.797047,0.829911,0.032864
4.066716,-0.798695,0.766072,-0.032623
4.069449,-0.800337,0.805972,0.005635
4.072182,-0.801972,0.829911,0.027939
4.074915,-0.803602,0.766072,-0.037530
4.077648,-0.805225,0.845871,0.040646
4.080381,-0.806843,0.774052,-0.032791
4.083114,-0.808455,0.837891,0.029437
4.085847,-0.810060,0.782032,-0.028028
4.088580,-0.811659,0.837891,0.026232
4.091313,-0.813253,0.782032,-0.031221
4.094046,-0.814840,0.853851,0.039011
4.096779,-0.816421,0.774052,-0.042369
4.099512,-0.817997,0.821931,0.003935
4.102245,-0.819566,0.853851,0.034285
4.104978,-0.821128,0.790012,-0.031117
4.107711,-0.822685,0.853851,0.031166
4.110444,-0.824236,0.790012,-0.034224
4.113177,-0.825780,0.853851,0.028071
4.115910,-0.827319,0.797992,-0.029327
4.118643,-0.828851,0.869811,0.040960
4.121376,-0.830377,0.790012,-0.040365
4.124109,-0.831897,0.869811,0.037914
4.126842,-0.833410,0.790012,-0.043398
4.129575,-0.834917,0.845871,0.010954
4.132308,-0.836419,0.861831,0.025412
4.135041,-0.837913,0.805972,-0.031942
4.137774,-0.839402,0.877791,0.038389
4.140507,-0.840884,0.805972,-0.034913
4.143240,-0.842360,0.869811,0.027451
4.145973,-0.843830,0.813951,-0.029878
4.148706,-0.845293,0.885771,0.040477
4.151439,-0.846750,0.805972,-0.040779
4.154172,-0.848201,0.845871,-0.002330
4.156906,-0.849646,0.885771,0.036125
4.159638,-0.851084,0.853851,0.002767
4.162371,-0.852515,0.853851,0.001336
4.165104,-0.853940,0.813951,-0.039989
4.167837,-0.855360,0.893751,0.038391
4.170570,-0.856772,0.821931,-0.034841
4.173303,-0.858178,0.893751,0.035572
4.176036,-0.859578,0.821931,-0.037647
4.178769,-0.860971,0.861831,0.000859
4.181502,-0.862359,0.893751,0.031392
4.184235,-0.863739,0.837891,-0.025848
4.186968,-0.865113,0.893751,0.028638
4.189701,-0.866480,0.829911,-0.036569
4.192434,-0.867842,0.909710,0.041869
4.195167,-0.869196,0.829911,-0.039285
4.197900,-0.870544,0.901730,0.031186
4.200633,-0.871886,0.845871,-0.026015
4.203366,-0.873221,0.869811,-0.003410
4.206100,-0.874550,0.901730,0.027181
4.208832,-0.875872,0.845871,-0.030001
4.211565,-0.877187,0.917690,0.040503
4.214298,-0.878496,0.837891,-0.040605
4.217031,-0.879799,0.909710,0.029912
4.219764,-0.881095,0.861831,-0.019264
4.222497,-0.882384,0.901730,0.019347
4.225230,-0.883666,0.853851,-0.029815
4.227963,-0.884943,0.917690,0.032748
4.230696,-0.886212,0.861831,-0.024381
4.233429,-0.887475,0.885771,-0.001704
4.236163,-0.888731,0.909710,0.020979
4.238895,-0.889981,0.869811,-0.020170
4.241629,-0.891224,0.917690,0.026467
4.244361,-0.892460,0.861831,-0.030629
4.247095,-0.893690,0.917690,0.024001
4.249827,-0.894912,0.877791,-0.017122
4.252561,-0.896129,0.917690,0.021562
4.255293,-0.897338,0.869811,-0.027527
4.258027,-0.898541,0.893751,-0.004790
4.260760,-0.899737,0.933650,0.033913
4.263493,-0.900927,0.869811,-0.031116
4.266226,-0.902109,0.933650,0.031541
4.268959,-0.903285,0.877791,-0.025494
4.271692,-0.904454,0.925670,0.021216
4.274425,-0.905617,0.877791,-0.027826
4.277158,-0.906773,0.941630,0.034857
4.279891,-0.907921,0.877791,-0.030131
4.282624,-0.909064,0.933650,0.024587
4.285357,-0.910199,0.877791,-0.032408
4.288090,-0.911327,0.925670,0.014343
4.290823,-0.912449,0.925670,0.013221
4.293556,-0.913564,0.893751,-0.019814
4.296289,-0.914672,0.941630,0.026958
4.299022,-0.915773,0.885771,-0.030003
4.301755,-0.916868,0.941630,0.024762
4.304488,-0.917955,0.901730,-0.016225
4.307221,-0.919036,0.933650,0.014614
4.309954,-0.920110,0.925670,0.005560
4.312686,-0.921177,0.893751,-0.027426
4.315420,-0.922237,0.949610,0.027373
4.318152,-0.923290,0.893751,-0.029540
4.320886,-0.924336,0.957590,0.033253
4.323618,-0.925376,0.893751,-0.031625
4.326352,-0.926408,0.949610,0.023202
4.329084,-0.927434,0.909710,-0.017723
4.331818,-0.928453,0.949610,0.021157
4.334550,-0.929464,0.901730,-0.027734
4.337284,-0.930469,0.933650,0.003181
4.340017,-0.931467,0.957590,0.026123
4.342750,-0.932458,0.909710,-0.022747
4.345483,-0.933442,0.949610,0.016168
4.348216,-0.934418,0.917690,-0.016728
4.350949,-0.935389,0.957590,0.022201
4.353682,-0.936351,0.909710,-0.026641
4.356415,-0.937307,0.957590,0.020282
4.359148,-0.938256,0.925670,-0.012586
4.361881,-0.939198,0.933650,-0.005548
4.364614,-0.940133,0.957590,0.017457
4.367347,-0.941061,0.925670,-0.015391
4.370080,-0.941982,0.965570,0.023588
4.372813,-0.942896,0.917690,-0.025206
4.375546,-0.943803,0.965570,0.021767
4.378279,-0.944702,0.925670,-0.019032
4.381012,-0.945595,0.957590,0.011995
4.383745,-0.946481,0.933650,-0.012831
4.386478,-0.947359,0.965570,0.018210
4.389211,-0.948231,0.933650,-0.014581
4.391944,-0.949095,0.941630,-0.007465
4.394677,-0.949953,0.973550,0.023597
4.397410,-0.950803,0.933650,-0.017153
4.400143,-0.951646,0.965570,0.013924
4.402876,-0.952482,0.933650,-0.018832
4.405609,-0.953311,0.973550,0.020239
4.408342,-0.954133,0.933650,-0.020483
4.411075,-0.954947,0.981530,0.026582
4.413808,-0.955755,0.925670,-0.030085
4.416541,-0.956555,0.981530,0.024974
4.419274,-0.957348,0.941630,-0.015718
4.422007,-0.958135,0.949610,-0.008525
4.424740,-0.958914,0.989510,0.030596
4.427473,-0.959685,0.933650,-0.026035
4.430206,-0.960450,0.973550,0.013100
4.432939,-0.961207,0.949610,-0.011597
4.435672,-0.961958,0.981530,0.019572
4.438405,-0.962701,0.941630,-0.021071
4.441138,-0.963437,0.981530,0.018093
4.443871,-0.964165,0.949610,-0.014555
4.446604,-0.964887,0.957590,-0.007297
4.449337,-0.965601,0.989510,0.023909
4.452070,-0.966308,0.949610,-0.016698
4.454803,-0.967008,0.981530,0.014522
4.457536,-0.967700,0.949610,-0.018090
4.460269,-0.968386,1.005469,0.037084
4.463002,-0.969064,0.933650,-0.035414
4.465735,-0.969735,0.981530,0.011795
4.468468,-0.970398,0.957590,-0.012809
4.471201,-0.971055,0.973550,0.002495
4.473934,-0.971704,0.989510,0.017805
4.476667,-0.972346,0.949610,-0.022736
4.479400,-0.972981,0.997489,0.024509
4.482133,-0.973608,0.949610,-0.023998
4.484866,-0.974228,0.989510,0.015281
4.487599,-0.974841,0.965570,-0.009271
4.490332,-0.975447,0.989510,0.014063
4.493065,-0.976045,0.957590,-0.018455
4.495798,-0.976636,0.981530,0.004894
4.498531,-0.977219,0.989510,0.012290
4.501264,-0.977796,0.957590,-0.020206
4.503997,-0.978365,0.997489,0.019125
4.506730,-0.978927,0.965570,-0.013357
4.509463,-0.979481,0.997489,0.018008
4.512196,-0.980028,0.957590,-0.022438
4.514929,-0.980568,0.997489,0.016921
4.517662,-0.981101,0.973550,-0.007551
4.520395,-0.981626,0.989510,0.007884
4.523128,-0.982144,0.965570,-0.016574
4.525861,-0.982654,0.989510,0.006855
4.528594,-0.983157,0.989510,0.006352
4.531327,-0.983653,0.973550,-0.010103
4.534060,-0.984142,0.997489,0.013348
4.536793,-0.984623,0.973550,-0.011073
4.539526,-0.985096,0.997489,0.012393
4.542259,-0.985563,0.973550,-0.012013
4.544992,-0.986022,0.997489,0.011468
4.547725,-0.986474,0.973550,-0.012924
4.550458,-0.986918,0.981530,-0.005388
4.553192,-0.987355,1.005469,0.018115
4.555924,-0.987784,0.981530,-0.006255
4.558658,-0.988207,0.989510,0.001303
4.561390,-0.988621,0.981530,-0.007092
4.564124,-0.989029,0.997489,0.008461
4.566856,-0.989429,0.981530,-0.007899
4.569590,-0.989821,0.997489,0.007668
4.572322,-0.990207,0.981530,-0.008677
4.575056,-0.990585,1.005469,0.014885
4.577788,-0.990955,0.973550,-0.017405
4.580522,-0.991318,0.997489,0.006171
4.583255,-0.991674,0.997489,0.005816
4.585988,-0.992022,0.981530,-0.010492
4.588721,-0.992363,1.005469,0.013107
4.591454,-0.992696,0.981530,-0.011167
4.594187,-0.993022,1.005469,0.012447
4.596920,-0.993341,0.981530,-0.011811
4.599653,-0.993652,0.997489,0.003837
4.602386,-0.993956,0.989510,-0.004446
4.605119,-0.994252,0.997489,0.003237
4.607852,-0.994541,0.997489,0.002948
4.610585,-0.994822,0.989510,-0.005313
4.613318,-0.995097,1.013449,0.018353
4.616050,-0.995363,0.973550,-0.021813
4.618783,-0.995622,1.005469,0.009847
4.621516,-0.995874,0.989510,-0.006364
4.624249,-0.996118,1.005469,0.009351
4.626982,-0.996355,0.989510,-0.006845
4.629715,-0.996584,0.989510,-0.007075
4.632449,-0.996807,1.013449,0.016643
4.635181,-0.997021,0.981530,-0.015491
4.637915,-0.997228,1.005469,0.008241
4.640647,-0.997428,0.997489,0.000062
4.643381,-0.997620,0.997489,-0.000130
4.646113,-0.997805,0.997489,-0.000315
4.648847,-0.997982,0.997489,-0.000492
4.651579,-0.998152,0.997489,-0.000662
4.654313,-0.998314,0.997489,-0.000825
4.657046,-0.998469,0.997489,-0.000979
4.659779,-0.998616,0.997489,-0.001127
4.662512,-0.998756,1.005469,0.006713
4.665245,-0.998889,0.997489,-0.001399
4.667978,-0.999014,0.997489,-0.001525
4.670711,-0.999132,0.997489,-0.001642
4.673444,-0.999242,0.997489,-0.001752
4.676177,-0.999344,1.005469,0.006125
4.678910,-0.999440,0.989510,-0.009930
4.681643,-0.999527,1.005469,0.005942
4.684376,-0.999608,1.005469,0.005862
4.687109,-0.999680,0.989510,-0.010171
4.689842,-0.999746,1.005469,0.005724
4.692575,-0.999804,0.997489,-0.002314
4.695308,-0.999854,1.005469,0.005615
4.698041,-0.999897,0.997489,-0.002408
4.700774,-0.999933,0.997489,-0.002443
4.703507,-0.999961,0.997489,-0.002471
4.706240,-0.999981,1.005469,0.005488
4.708973,-0.999994,0.989510,-0.010485
4.711706,-1.000000,0.997489,-0.002510
4.714439,-0.999998,1.005469,0.005472
4.717172,-0.999989,0.997489,-0.002499
4.719905,-0.999972,0.997489,-0.002482
4.722638,-0.999947,1.005469,0.005522
4.725371,-0.999916,0.997489,-0.002426
4.728104,-0.999876,0.997489,-0.002387
4.730837,-0.999830,0.997489,-0.002340
4.733570,-0.999776,1.005469,0.005694
4.736303,-0.999714,0.997489,-0.002225
4.739036,-0.999645,1.005469,0.005824
4.741769,-0.999568,0.989510,-0.010059
4.744502,-0.999484,1.005469,0.005985
4.747235,-0.999393,0.997489,-0.001903
4.749968,-0.999294,0.997489,-0.001805
4.752701,-0.999188,1.005469,0.006282
4.755434,-0.999074,0.997489,-0.001584
4.758167,-0.998952,0.989510,-0.009443
4.760900,-0.998824,1.005469,0.006646
4.763633,-0.998687,0.997489,-0.001198
4.766366,-0.998544,1.005469,0.006926
4.769099,-0.998392,0.989510,-0.008883
4.771832,-0.998234,0.997489,-0.000744
4.774565,-0.998068,1.005469,0.007402
4.777298,-0.997894,0.997489,-0.000405
4.780031,-0.997713,0.997489,-0.000224
4.782764,-0.997525,0.989510,-0.008015
4.785497,-0.997329,1.005469,0.008141
4.788230,-0.997125,0.997489,0.000364
4.790963,-0.996915,0.989510,-0.007405
4.793696,-0.996696,1.005469,0.008773
4.796429,-0.996471,0.989510,-0.006961
4.799162,-0.996238,0.997489,0.001252
4.801895,-0.995997,0.997489,0.001492
4.804628,-0.995749,0.997489,0.001740
4.807361,-0.995494,0.989510,-0.005984
4.810094,-0.995231,1.005469,0.010239
4.812827,-0.994960,0.981530,-0.013431
4.815560,-0.994683,1.005469,0.010787
4.818293,-0.994397,0.997489,0.003092
4.821026,-0.994105,0.981530,-0.012575
4.823759,-0.993805,1.005469,0.011665
4.826492,-0.993497,0.981530,-0.011968
4.829225,-0.993182,1.005469,0.012287
4.831958,-0.992860,0.981530,-0.011330
4.834691,-0.992530,0.997489,0.004959
4.837424,-0.992193,0.989510,-0.002684
4.840157,-0.991849,0.997489,0.005641
4.842890,-0.991497,0.997489,0.005993
4.845623,-0.991137,0.973550,-0.017588
4.848356,-0.990771,1.005469,0.014699
4.851089,-0.990396,0.981530,-0.008867
4.853822,-0.990015,0.997489,0.007474
4.856555,-0.989626,0.981530,-0.008096
4.859288,-0.989230,0.997489,0.008260
4.862021,-0.988826,0.973550,-0.015276
4.864754,-0.988415,1.005469,0.017055
4.867487,-0.987996,0.981530,-0.006467
4.870220,-0.987570,0.989510,0.001939
4.872953,-0.987137,0.989510,0.002372
4.875687,-0.986697,0.973550,-0.013147
4.878419,-0.986249,1.005469,0.019221
4.881153,-0.985793,0.965570,-0.020223
4.883885,-0.985331,1.005469,0.020139
4.886619,-0.984860,0.965570,-0.019291
4.889351,-0.984383,0.997489,0.013106
4.892085,-0.983898,0.973550,-0.010348
4.894817,-0.983406,0.997489,0.014083
4.897551,-0.982907,0.981530,-0.001377
4.900284,-0.982400,0.973550,-0.008850
4.903017,-0.981885,0.989510,0.007624
4.905750,-0.981364,0.965570,-0.015794
4.908483,-0.980835,0.997489,0.016654
4.911216,-0.980299,0.973550,-0.006749
4.913949,-0.979756,0.973550,-0.006206
4.916681,-0.979205,0.973550,-0.005655
4.919414,-0.978647,0.997489,0.018843
4.922147,-0.978081,0.981530,0.003448
4.924881,-0.977508,0.957590,-0.019919
4.927613,-0.976929,0.997489,0.020561
4.930346,-0.976341,0.957590,-0.018751
4.933079,-0.975747,0.989510,0.013763
4.935812,-0.975145,0.965570,-0.009575
4.938545,-0.974535,0.981530,0.006994
4.941278,-0.973919,0.965570,-0.008349
4.944011,-0.973295,0.981530,0.008234
4.946744,-0.972664,0.981530,0.008865
4.949478,-0.972026,0.949610,-0.022416
4.952210,-0.971380,0.989510,0.018129
4.954944,-0.970728,0.957590,-0.013138
4.957676,-0.970068,0.981530,0.011462
4.960410,-0.969400,0.957590,-0.011810
4.963142,-0.968726,0.981530,0.012804
4.965876,-0.968044,0.949610,-0.018434
4.968608,-0.967355,0.989510,0.022155
4.971342,-0.966659,0.949610,-0.017049
4.974074,-0.965955,0.981530,0.015574
4.976808,-0.965245,0.965570,0.000325
4.979541,-0.964527,0.941630,-0.022897
4.982274,-0.963802,0.989510,0.025708
4.985007,-0.963069,0.941630,-0.021439
4.987740,-0.962330,0.981530,0.019200
4.990473,-0.961583,0.941630,-0.019953
4.993206,-0.960829,0.973550,0.012720
4.995939,-0.960068,0.949610,-0.010458
4.998672,-0.959300,0.981530,0.022229
5.001405,-0.958525,0.933650,-0.024875
5.004138,-0.957742,0.973550,0.015807
5.006871,-0.956953,0.957590,0.000637
5.009604,-0.956156,0.941630,-0.014526
5.012337,-0.955352,0.973550,0.018198
5.015070,-0.954541,0.933650,-0.020891
5.017803,-0.953723,0.981530,0.027807
5.020536,-0.952897,0.925670,-0.027227
5.023269,-0.952065,0.965570,0.013505
5.026002,-0.951225,0.941630,-0.009595
5.028735,-0.950379,0.965570,0.015191
5.031468,-0.949525,0.949610,0.000085
5.034201,-0.948664,0.933650,-0.015014
5.036934,-0.947796,0.965570,0.017774
5.039667,-0.946921,0.925670,-0.021251
5.042400,-0.946039,0.965570,0.019531
5.045133,-0.945150,0.917690,-0.027459
5.047866,-0.944253,0.973550,0.029296
5.050599,-0.943350,0.925670,-0.017680
5.053332,-0.942440,0.957590,0.015150
5.056065,-0.941522,0.917690,-0.023832
5.058798,-0.940598,0.965570,0.024972
5.061531,-0.939667,0.941630,0.001963
5.064264,-0.938728,0.917690,-0.021038
5.066997,-0.937783,0.933650,-0.004133
5.069730,-0.936830,0.941630,0.004800
5.072463,-0.935871,0.949610,0.013739
5.075196,-0.934904,0.917690,-0.017214
5.077929,-0.933931,0.957590,0.023659
5.080662,-0.932951,0.933650,0.000700
5.083395,-0.931963,0.909710,-0.022253
5.086128,-0.930969,0.949610,0.018641
5.088861,-0.929967,0.909710,-0.020257
5.091594,-0.928959,0.949610,0.020651
5.094327,-0.927944,0.909710,-0.018234
5.097060,-0.926922,0.941630,0.014708
5.099793,-0.925893,0.909710,-0.016183
5.102526,-0.924857,0.949610,0.024753
5.105259,-0.923814,0.893751,-0.030064
5.107992,-0.922764,0.949610,0.026846
5.110725,-0.921708,0.925670,0.003962
5.113458,-0.920644,0.893751,-0.026894
5.116191,-0.919574,0.941630,0.022056
5.118924,-0.918496,0.893751,-0.024746
5.121657,-0.917412,0.941630,0.024218
5.124390,-0.916321,0.893751,-0.022571
5.127123,-0.915224,0.941630,0.026406
5.129856,-0.914119,0.885771,-0.028348
5.132589,-0.913007,0.941630,0.028623
5.135322,-0.911889,0.909710,-0.002179
5.138055,-0.910764,0.885771,-0.024993
5.140788,-0.909632,0.933650,0.024018
5.143521,-0.908493,0.885771,-0.022722
5.146254,-0.907348,0.933650,0.026302
5.148987,-0.906195,0.877791,-0.028405
5.151720,-0.905036,0.933650,0.028614
5.154453,-0.903870,0.877791,-0.026080
5.157186,-0.902698,0.925670,0.022972
5.159919,-0.901519,0.869811,-0.031708
5.162652,-0.900333,0.941630,0.041297
5.165385,-0.899140,0.885771,-0.013369
5.168118,-0.897940,0.877791,-0.020149
5.170851,-0.896734,0.925670,0.028936
5.173584,-0.895521,0.861831,-0.033690
5.176317,-0.894302,0.925670,0.031369
5.179050,-0.893075,0.861831,-0.031244
5.181783,-0.891842,0.925670,0.033828
5.184516,-0.890603,0.853851,-0.036752
5.187249,-0.889357,0.925670,0.036314
5.189982,-0.888104,0.885771,-0.002333
5.192716,-0.886844,0.861831,-0.025013
5.195448,-0.885578,0.909710,0.024132
5.198182,-0.884305,0.853851,-0.030454
5.200914,-0.883026,0.917690,0.034664
5.203648,-0.881740,0.845871,-0.035869
5.206380,-0.880447,0.917690,0.037243
5.209114,-0.879148,0.837891,-0.041257
5.211846,-0.877843,0.917690,0.039848
5.214580,-0.876530,0.845871,-0.030659
5.217312,-0.875212,0.869811,-0.005401
5.220045,-0.873886,0.909710,0.035824
5.222778,-0.872554,0.837891,-0.034663
5.225511,-0.871216,0.901730,0.030514
5.228244,-0.869871,0.845871,-0.024000
5.230977,-0.868520,0.893751,0.025231
5.233710,-0.867162,0.829911,-0.037251
5.236443,-0.865798,0.909710,0.043913
5.239176,-0.864427,0.853851,-0.010576
5.241910,-0.863049,0.837891,-0.025158
5.244642,-0.861666,0.893751,0.032085
5.247375,-0.860276,0.829911,-0.030364
5.250108,-0.858879,0.885771,0.026892
5.252841,-0.857476,0.821931,-0.035545
5.255574,-0.856067,0.893751,0.037684
5.258307,-0.854651,0.821931,-0.032719
5.261040,-0.853229,0.885771,0.032542
5.263773,-0.851800,0.821931,-0.029869
5.266506,-0.850365,0.877791,0.027425
5.269239,-0.848924,0.853851,0.004927
5.271973,-0.847476,0.813951,-0.033525
5.274705,-0.846022,0.877791,0.031768
5.277439,-0.844562,0.805972,-0.038590
5.280171,-0.843096,0.885771,0.042675
5.282905,-0.841623,0.797992,-0.043631
5.285637,-0.840144,0.885771,0.045627
5.288371,-0.838658,0.797992,-0.040666
5.291103,-0.837166,0.869811,0.032644
5.293837,-0.835668,0.805972,-0.029697
5.296569,-0.834164,0.861831,0.027667
5.299303,-0.832654,0.837891,0.005237
5.302036,-0.831137,0.797992,-0.033146
5.304769,-0.829614,0.861831,0.032216
5.307502,-0.828085,0.790012,-0.038074
5.310235,-0.826550,0.861831,0.035281
5.312968,-0.825009,0.797992,-0.027017
5.315701,-0.823461,0.853851,0.030390
5.318434,-0.821907,0.782032,-0.039876
5.321167,-0.820348,0.861831,0.041483
5.323900,-0.818782,0.813951,-0.004830
5.326633,-0.817209,0.790012,-0.027198
5.329366,-0.815631,0.845871,0.030240
5.332099,-0.814047,0.774052,-0.039995
5.334832,-0.812457,0.853851,0.041394
5.337565,-0.810860,0.774052,-0.036808
5.340298,-0.809258,0.845871,0.036613
5.343031,-0.807649,0.766072,-0.041577
5.345764,-0.806035,0.853851,0.047816
5.348497,-0.804414,0.758092,-0.046322
5.351230,-0.802788,0.837891,0.035104
5.353963,-0.801155,0.805972,0.004817
5.356696,-0.799516,0.766072,-0.033444
5.359429,-0.797872,0.829911,0.032040
5.362162,-0.796221,0.758092,-0.038129
5.364895,-0.794565,0.837891,0.043326
5.367628,-0.792902,0.710213,-0.082690
5.370360,-0.791234,0.869811,0.078576
5.373094,-0.789560,0.790012,0.000452
5.375827,-0.787880,0.750112,-0.037768
5.378560,-0.786194,0.821931,0.035737
5.381293,-0.784502,0.750112,-0.034390
5.384026,-0.782804,0.821931,0.039127
5.386759,-0.781101,0.734152,-0.046948
5.389492,-0.779391,0.829911,0.050520
5.392225,-0.777676,0.726172,-0.051504
5.394958,-0.775955,0.821931,0.045976
5.397691,-0.774228,0.734152,-0.040076
5.400424,-0.772496,0.813951,0.041456
5.403157,-0.770757,0.774052,0.003295
5.405890,-0.769013,0.718192,-0.050820
5.408623,-0.767263,0.813951,0.046688
5.411356,-0.765507,0.726172,-0.039335
5.414089,-0.763746,0.805972,0.042225
5.416822,-0.761979,0.718192,-0.043786
5.419555,-0.760206,0.797992,0.037785
5.422288,-0.758428,0.718192,-0.040235
5.425021,-0.756644,0.805972,0.049328
5.427754,-0.754854,0.750112,-0.004742
5.430487,-0.753058,0.710213,-0.042846
5.433220,-0.751258,0.790012,0.038754
5.435953,-0.749451,0.710213,-0.039238
5.438686,-0.747639,0.790012,0.042373
5.441419,-0.745821,0.702233,-0.043588
5.444152,-0.743998,0.790012,0.046014
5.446885,-0.742169,0.694253,-0.047916
5.449618,-0.740334,0.790012,0.049677
5.452351,-0.738494,0.694253,-0.044241
5.455084,-0.736649,0.774052,0.037403
5.457817,-0.734798,0.742132,0.007335
5.460550,-0.732941,0.678293,-0.054648
5.463283,-0.731079,0.782032,0.050953
5.466016,-0.729212,0.686273,-0.042939
5.468749,-0.727339,0.774052,0.046713
5.471482,-0.725460,0.678293,-0.047167
5.474215,-0.723577,0.766072,0.042495
5.476948,-0.721687,0.678293,-0.043395
5.479681,-0.719793,0.766072,0.046279
5.482414,-0.717893,0.710213,-0.007681
5.485147,-0.715988,0.678293,-0.037695
5.487880,-0.714077,0.758092,0.044015
5.490613,-0.712161,0.670313,-0.041848
5.493346,-0.710240,0.750112,0.039872
5.496079,-0.708313,0.670313,-0.038000
5.498812,-0.706382,0.742132,0.035751
5.501545,-0.704444,0.662333,-0.042111
5.504278,-0.702502,0.750112,0.047610
5.507011,-0.700554,0.654353,-0.046201
5.509744,-0.698602,0.742132,0.043531
5.512477,-0.696643,0.702233,0.005589
5.515211,-0.694680,0.646373,-0.048307
5.517943,-0.692711,0.734152,0.041441
5.520677,-0.690738,0.598494,-0.092244
5.523409,-0.688759,0.790012,0.101252
5.526142,-0.686775,0.630413,-0.056362
5.528875,-0.684786,0.734152,0.049366
5.531608,-0.682792,0.686273,0.003481
5.534341,-0.680792,0.630413,-0.050379
5.537074,-0.678788,0.726172,0.047384
5.539807,-0.676779,0.630413,-0.046365
5.542540,-0.674764,0.726172,0.051408
5.545273,-0.672745,0.622433,-0.050311
5.548006,-0.670720,0.718192,0.047472
5.550739,-0.668690,0.614453,-0.054237
5.553472,-0.666656,0.726172,0.059516
5.556205,-0.664616,0.606474,-0.058143
5.558938,-0.662572,0.718192,0.055621
5.561671,-0.660522,0.654353,-0.006169
5.564404,-0.658468,0.614453,-0.044014
5.567137,-0.656408,0.702233,0.045824
5.569870,-0.654344,0.606474,-0.047870
5.572603,-0.652275,0.702233,0.049958
5.575336,-0.650201,0.598494,-0.051707
5.578069,-0.648122,0.702233,0.054110
5.580802,-0.646038,0.590514,-0.055525
5.583535,-0.643950,0.694253,0.050303
5.586268,-0.641857,0.598494,-0.043363
5.589001,-0.639759,0.686273,0.046514
5.591734,-0.637655,0.638393,0.000738
5.594468,-0.635548,0.582534,-0.053014
5.597200,-0.633435,0.686273,0.052837
5.599934,-0.631318,0.574554,-0.056764
5.602666,-0.629196,0.686273,0.057076
5.605400,-0.627070,0.574554,-0.052516
5.608132,-0.624939,0.678293,0.053354
5.610866,-0.622803,0.566574,-0.056229
5.613598,-0.620662,0.678293,0.057631
5.616332,-0.618517,0.614453,-0.004063
5.619065,-0.616367,0.566574,-0.049793
5.621798,-0.614213,0.662333,0.048120
5.624531,-0.612053,0.566574,-0.045479
5.627264,-0.609890,0.654353,0.044463
5.629997,-0.607722,0.566574,-0.041148
5.632730,-0.605549,0.646373,0.040824
5.635463,-0.603372,0.558594,-0.044778
5.638196,-0.601190,0.646373,0.045183
5.640929,-0.599004,0.550614,-0.048390
5.643661,-0.596813,0.654353,0.057540
5.646395,-0.594618,0.582534,-0.012084
5.649128,-0.592418,0.550614,-0.041804
5.651861,-0.590215,0.638393,0.048179
5.654594,-0.588006,0.534654,-0.053352
5.657327,-0.585793,0.638393,0.052600
5.660060,-0.583576,0.534654,-0.048922
5.662793,-0.581355,0.630413,0.049059
5.665526,-0.579129,0.534654,-0.044474
5.668259,-0.576899,0.622433,0.045535
5.670992,-0.574664,0.518695,-0.055969
5.673725,-0.572425,0.574554,0.002129
5.676457,-0.570182,0.622433,0.052251
5.679191,-0.567935,0.518695,-0.049240
5.681923,-0.565684,0.622433,0.056750
5.684657,-0.563428,0.502735,-0.060693
5.687389,-0.561168,0.614453,0.053286
5.690123,-0.558903,0.510715,-0.048189
5.692855,-0.556635,0.606474,0.049838
5.695589,-0.554362,0.550614,-0.003748
5.698322,-0.552086,0.502735,-0.049351
5.701055,-0.549805,0.606474,0.056669
5.703788,-0.547520,0.486775,-0.060745
5.706521,-0.545231,0.606474,0.061243
5.709254,-0.542938,0.486775,-0.056163
5.711987,-0.540641,0.590514,0.049873
5.714720,-0.538340,0.486775,-0.051565
5.717453,-0.536035,0.590514,0.054479
5.720186,-0.533725,0.534654,0.000929
5.722919,-0.531412,0.478795,-0.052617
5.725652,-0.529095,0.582534,0.053439
5.728385,-0.526774,0.470815,-0.055959
5.731118,-0.524449,0.574554,0.050105
5.733851,-0.522120,0.470815,-0.051305
5.736584,-0.519787,0.574554,0.054767
5.739317,-0.517450,0.470815,-0.046635
5.742050,-0.515110,0.558594,0.043484
5.744783,-0.512765,0.462835,-0.049930
5.747516,-0.510417,0.566574,0.056157
5.750249,-0.508065,0.502735,-0.005330
5.752982,-0.505709,0.454855,-0.050853
5.755715,-0.503349,0.558594,0.055245
5.758448,-0.500986,0.442885,-0.058100
5.761181,-0.498619,0.558594,0.059975
5.763914,-0.496248,0.438895,-0.057352
5.766647,-0.493873,0.546624,0.052751
5.769380,-0.491495,0.438895,-0.052599
5.772113,-0.489113,0.542634,0.053521
5.774846,-0.486727,0.486775,0.000048
5.777579,-0.484338,0.430915,-0.053422
5.780312,-0.481945,0.538644,0.056699
5.783045,-0.479548,0.418946,-0.060603
5.785778,-0.477149,0.534654,0.057506
5.788511,-0.474745,0.422936,-0.051809
5.791244,-0.472338,0.522684,0.050347
5.793977,-0.469927,0.418946,-0.050981
5.796710,-0.467513,0.518695,0.051182
5.799443,-0.465095,0.410966,-0.054129
5.802176,-0.462674,0.518695,0.056020
5.804909,-0.460249,0.462835,0.002586
5.807642,-0.457821,0.398996,-0.058825
5.810375,-0.455390,0.514705,0.059315
5.813108,-0.452955,0.391016,-0.061939
5.815841,-0.450517,0.510715,0.060198
5.818574,-0.448075,0.391016,-0.057059
5.821307,-0.445630,0.502735,0.057104
5.824040,-0.443182,0.387026,-0.056156
5.826773,-0.440730,0.438895,-0.001835
5.829506,-0.438276,0.494755,0.056479
5.832239,-0.435817,0.379046,-0.056771
5.834972,-0.433356,0.490765,0.057409
5.837705,-0.430891,0.375056,-0.055835
5.840438,-0.428424,0.482785,0.054361
5.843171,-0.425952,0.371066,-0.054886
5.845904,-0.423478,0.482785,0.059307
5.848637,-0.421001,0.359096,-0.061904
5.851370,-0.418520,0.478795,0.060275
5.854103,-0.416036,0.414956,-0.001081
5.856836,-0.413549,0.355106,-0.058443
5.859569,-0.411060,0.470815,0.059755
5.862302,-0.408567,0.351116,-0.057450
5.865035,-0.406071,0.462835,0.056764
5.867768,-0.403572,0.347126,-0.056445
5.870501,-0.401070,0.454855,0.053786
5.873234,-0.398564,0.343136,-0.055428
5.875967,-0.396057,0.454855,0.058799
5.878700,-0.393545,0.395006,0.001460
5.881433,-0.391031,0.327177,-0.063855
5.884166,-0.388515,0.450865,0.062351
5.886899,-0.385995,0.327177,-0.058818
5.889632,-0.383472,0.442885,0.059413
5.892365,-0.380947,0.323187,-0.057760
5.895098,-0.378418,0.434905,0.056487
5.897831,-0.375887,0.315207,-0.060680
5.900564,-0.373353,0.434905,0.061552
5.903297,-0.370816,0.311217,-0.059600
5.906030,-0.368277,0.426925,0.058648
5.908763,-0.365735,0.367076,0.001342
5.911497,-0.363189,0.303237,-0.059952
5.914229,-0.360642,0.418946,0.058304
5.916963,-0.358091,0.299247,-0.058844
5.919695,-0.355538,0.418946,0.063407
5.922429,-0.352982,0.287277,-0.065705
5.925161,-0.350424,0.414956,0.064531
5.927895,-0.347863,0.283287,-0.064576
5.930627,-0.345300,0.410966,0.065666
5.933361,-0.342733,0.279297,-0.063436
5.936093,-0.340165,0.398996,0.058831
5.938827,-0.337593,0.339146,0.001553
5.941560,-0.335019,0.275307,-0.059712
5.944293,-0.332443,0.391016,0.058573
5.947026,-0.329864,0.271317,-0.058547
5.949759,-0.327283,0.387026,0.059743
5.952492,-0.324699,0.263337,-0.061362
5.955225,-0.322113,0.383036,0.060923
5.957958,-0.319524,0.259347,-0.060177
5.960690,-0.316934,0.379046,0.062112
5.963424,-0.314340,0.311217,-0.003124
5.966157,-0.311744,0.255357,-0.056387
5.968890,-0.309147,0.367076,0.057929
5.971623,-0.306546,0.247377,-0.059169
5.974356,-0.303944,0.299247,-0.004697
5.977088,-0.301339,0.307227,0.005888
5.979821,-0.298732,0.355106,0.056374
5.982554,-0.296123,0.239397,-0.056725
5.985287,-0.293512,0.351116,0.057605
5.988020,-0.290898,0.291267,0.000369
5.990754,-0.288282,0.227428,-0.060854
5.993486,-0.285664,0.347126,0.061463
5.996220,-0.283043,0.223438,-0.059606
5.998952,-0.280421,0.339146,0.058725
6.001686,-0.277797,0.219448,-0.058349
6.004418,-0.275170,0.335156,0.059986
6.007152,-0.272542,0.207478,-0.065064
6.009884,-0.269911,0.335156,0.065245
6.012618,-0.267279,0.267327,0.000049
6.015351,-0.264644,0.203488,-0.061156
6.018084,-0.262007,0.323187,0.061179
6.020817,-0.259369,0.195508,-0.063861
6.023550,-0.256729,0.319197,0.062468
6.026283,-0.254086,0.195508,-0.058578
6.029016,-0.251442,0.309222,0.057780
6.031749,-0.248796,0.189523,-0.059273
6.034482,-0.246148,0.307227,0.061079
6.037215,-0.243498,0.181543,-0.061955
6.039948,-0.240846,0.301242,0.060395
6.042681,-0.238193,0.241392,0.003200
6.045414,-0.235537,0.171568,-0.063969
6.048147,-0.232881,0.295257,0.062376
6.050880,-0.230222,0.167578,-0.062643
6.053613,-0.227561,0.289272,0.061711
6.056346,-0.224899,0.163588,-0.061311
6.059079,-0.222235,0.285282,0.063047
6.061812,-0.219570,0.155608,-0.063961
6.064545,-0.216903,0.281292,0.064389
6.067278,-0.214234,0.213463,-0.000771
6.070011,-0.211563,0.147628,-0.063935
6.072744,-0.208892,0.273312,0.064421
6.075477,-0.206218,0.141644,-0.064574
6.078210,-0.203543,0.267327,0.063784
6.080943,-0.200866,0.139649,-0.061218
6.083676,-0.198189,0.259347,0.061159
6.086409,-0.195509,0.133664,-0.061845
6.089142,-0.192828,0.253362,0.060534
6.091875,-0.190145,0.129674,-0.060472
6.094608,-0.187462,0.249372,0.061911
6.097341,-0.184776,0.183538,-0.001238
6.100074,-0.182089,0.121694,-0.060396
6.102807,-0.179402,0.241392,0.061991
6.105540,-0.176712,0.113714,-0.062998
6.108273,-0.174022,0.235408,0.061386
6.111006,-0.171330,0.109724,-0.061606
6.113739,-0.168637,0.233413,0.064776
6.116472,-0.165942,0.099749,-0.066193
6.119205,-0.163246,0.227428,0.064181
6.121938,-0.160549,0.161593,0.001044
6.124671,-0.157851,0.031920,-0.125931
6.127404,-0.155152,0.279297,0.124145
6.130137,-0.152452,0.089774,-0.062677
6.132870,-0.149750,0.213463,0.063713
6.135603,-0.147047,0.083789,-0.063258
6.138336,-0.144344,0.207478,0.063134
6.141069,-0.141638,0.079799,-0.061839
6.143802,-0.138933,0.201493,0.062560
6.146535,-0.136225,0.135659,-0.000567
6.149268,-0.133517,0.069824,-0.063693
6.152001,-0.130808,0.193513,0.062705
6.154734,-0.128098,0.065834,-0.062264
6.157467,-0.125388,0.189523,0.064135
6.160200,-0.122675,0.058852,-0.063824
6.162933,-0.119963,0.182541,0.062578
6.165666,-0.117249,0.053864,-0.063384
6.168399,-0.114535,0.178551,0.064016
6.171132,-0.111819,0.111719,-0.000100
6.173865,-0.109102,0.045885,-0.063218
6.176598,-0.106386,0.169573,0.063188
6.179331,-0.103667,0.039900,-0.063768
6.182064,-0.100949,0.164586,0.063637
6.184797,-0.098229,0.034912,-0.063317
6.187530,-0.095509,0.159598,0.064089
6.190263,-0.092788,0.027930,-0.064859
6.192996,-0.090067,0.154611,0.064544
6.195729,-0.087345,0.023940,-0.063405
6.198462,-0.084622,0.147628,0.063006
6.201195,-0.081898,0.081794,-0.000104
6.203928,-0.079174,0.015960,-0.063214
6.206661,-0.076449,0.139649,0.063199
6.209394,-0.073724,0.009975,-0.063749
6.212127,-0.070998,0.135659,0.064660
6.214860,-0.068272,0.003990,-0.064282
6.217593,-0.065545,0.128676,0.063131
6.220326,-0.062817,0.000000,-0.062817
6.223059,-0.060090,0.123190,0.063100
6.225792,-0.057361,-0.005985,-0.063346
6.228525,-0.054633,0.118203,0.063570
6.231258,-0.051904,0.051869,-0.000034
6.233992,-0.049174,-0.014464,-0.063637
6.236724,-0.046444,0.110223,0.063778
6.239458,-0.043714,-0.019950,-0.063664
6.242190,-0.040983,0.104736,0.063753
6.244924,-0.038252,-0.025935,-0.064187
6.247656,-0.035521,0.099749,0.064227
6.250390,-0.032790,-0.031172,-0.063961
6.253122,-0.030058,0.093764,0.063706
6.255856,-0.027326,0.027431,0.000105
6.258589,-0.024594,-0.039151,-0.063745
6.261322,-0.021862,0.085535,0.063673
6.264055,-0.019129,-0.044638,-0.063767
6.266788,-0.016397,0.080298,0.063901
6.269521,-0.013664,-0.050124,-0.063788
6.272254,-0.010932,0.074562,0.063631
6.274987,-0.008198,-0.055485,-0.063684
6.277719,-0.005466,0.005424,-0.000042
